file,label,result,total_moves,termination,total_time_white,total_time_black,avg_time_white,avg_time_black
metrics_mcts_nn_10s_vs_mcts_nn_20s_g10_orig.jsonl,mcts_nn_10s_vs_mcts_nn_20s,0-1,114,checkmate,796.4948,1426.6038,13.9736,25.0281
metrics_mcts_nn_10s_vs_mcts_nn_20s_g11_orig.jsonl,mcts_nn_10s_vs_mcts_nn_20s,1/2-1/2,106,draw_3fold_claim,786.8032,1306.9445,14.8453,24.6593
metrics_mcts_nn_10s_vs_mcts_nn_20s_g12_orig.jsonl,mcts_nn_10s_vs_mcts_nn_20s,1/2-1/2,134,draw_3fold_claim,849.3302,1482.3858,12.6766,22.1252
metrics_mcts_nn_10s_vs_mcts_nn_20s_g13_orig.jsonl,mcts_nn_10s_vs_mcts_nn_20s,1/2-1/2,129,draw_3fold_claim,831.9265,1434.8531,12.7989,22.4196
metrics_mcts_nn_10s_vs_mcts_nn_20s_g14_orig.jsonl,mcts_nn_10s_vs_mcts_nn_20s,1/2-1/2,50,draw_3fold_claim,388.2468,582.3656,15.5299,23.2946
metrics_mcts_nn_10s_vs_mcts_nn_20s_g15_orig.jsonl,mcts_nn_10s_vs_mcts_nn_20s,0-1,54,checkmate,444.1433,677.4938,16.4498,25.0924
metrics_mcts_nn_10s_vs_mcts_nn_20s_g16_swap.jsonl,mcts_nn_10s_vs_mcts_nn_20s,1/2-1/2,138,draw_3fold_claim,897.7849,1542.4085,13.0114,22.3537
metrics_mcts_nn_10s_vs_mcts_nn_20s_g17_swap.jsonl,mcts_nn_10s_vs_mcts_nn_20s,1/2-1/2,127,draw_3fold_claim,933.3666,1568.3314,14.5839,24.8941
metrics_mcts_nn_10s_vs_mcts_nn_20s_g18_swap.jsonl,mcts_nn_10s_vs_mcts_nn_20s,1/2-1/2,188,draw_3fold_claim,1360.7561,2255.4738,14.4761,23.9944
metrics_mcts_nn_10s_vs_mcts_nn_20s_g19_swap.jsonl,mcts_nn_10s_vs_mcts_nn_20s,1/2-1/2,54,draw_3fold_claim,426.3749,690.9281,15.7917,25.5899
metrics_mcts_nn_10s_vs_mcts_nn_20s_g1_orig.jsonl,mcts_nn_10s_vs_mcts_nn_20s,1/2-1/2,141,draw_3fold_claim,840.5499,1648.4236,11.8387,23.5489
metrics_mcts_nn_10s_vs_mcts_nn_20s_g20_swap.jsonl,mcts_nn_10s_vs_mcts_nn_20s,0-1,52,checkmate,434.6281,647.8839,16.7165,24.9186
metrics_mcts_nn_10s_vs_mcts_nn_20s_g21_swap.jsonl,mcts_nn_10s_vs_mcts_nn_20s,1/2-1/2,78,draw_3fold_claim,558.3315,985.4157,14.3162,25.2671
metrics_mcts_nn_10s_vs_mcts_nn_20s_g22_swap.jsonl,mcts_nn_10s_vs_mcts_nn_20s,1/2-1/2,136,draw_3fold_claim,757.5532,1455.0164,11.1405,21.3973
metrics_mcts_nn_10s_vs_mcts_nn_20s_g23_swap.jsonl,mcts_nn_10s_vs_mcts_nn_20s,1/2-1/2,116,draw_insufficient,739.426,1332.2896,12.7487,22.9705
metrics_mcts_nn_10s_vs_mcts_nn_20s_g24_swap.jsonl,mcts_nn_10s_vs_mcts_nn_20s,1/2-1/2,90,draw_3fold_claim,680.496,1186.4815,15.1221,26.3663
metrics_mcts_nn_10s_vs_mcts_nn_20s_g25_swap.jsonl,mcts_nn_10s_vs_mcts_nn_20s,1/2-1/2,56,draw_3fold_claim,406.9909,723.6304,14.5354,25.8439
metrics_mcts_nn_10s_vs_mcts_nn_20s_g26_swap.jsonl,mcts_nn_10s_vs_mcts_nn_20s,1/2-1/2,96,draw_insufficient,607.7614,1149.9132,12.6617,23.9565
metrics_mcts_nn_10s_vs_mcts_nn_20s_g27_swap.jsonl,mcts_nn_10s_vs_mcts_nn_20s,1/2-1/2,135,draw_3fold_claim,924.4729,1604.8356,13.5952,23.9528
metrics_mcts_nn_10s_vs_mcts_nn_20s_g28_swap.jsonl,mcts_nn_10s_vs_mcts_nn_20s,1/2-1/2,147,draw_insufficient,1117.8402,1888.5647,15.1059,25.8707
metrics_mcts_nn_10s_vs_mcts_nn_20s_g29_swap.jsonl,mcts_nn_10s_vs_mcts_nn_20s,1/2-1/2,70,draw_3fold_claim,482.3348,826.715,13.781,23.6204
metrics_mcts_nn_10s_vs_mcts_nn_20s_g2_orig.jsonl,mcts_nn_10s_vs_mcts_nn_20s,1/2-1/2,170,draw_3fold_claim,1294.4547,2096.9661,15.2289,24.6702
metrics_mcts_nn_10s_vs_mcts_nn_20s_g30_swap.jsonl,mcts_nn_10s_vs_mcts_nn_20s,1/2-1/2,138,draw_3fold_claim,893.2344,1564.3966,12.9454,22.6724
metrics_mcts_nn_10s_vs_mcts_nn_20s_g3_orig.jsonl,mcts_nn_10s_vs_mcts_nn_20s,1/2-1/2,147,draw_insufficient,1136.9461,1893.6444,15.3641,25.9403
metrics_mcts_nn_10s_vs_mcts_nn_20s_g4_orig.jsonl,mcts_nn_10s_vs_mcts_nn_20s,1/2-1/2,70,draw_3fold_claim,480.2181,829.9526,13.7205,23.7129
metrics_mcts_nn_10s_vs_mcts_nn_20s_g5_orig.jsonl,mcts_nn_10s_vs_mcts_nn_20s,1/2-1/2,141,draw_3fold_claim,938.8583,1662.0867,13.2234,23.7441
metrics_mcts_nn_10s_vs_mcts_nn_20s_g6_orig.jsonl,mcts_nn_10s_vs_mcts_nn_20s,1/2-1/2,113,draw_3fold_claim,730.4665,1305.4715,12.8152,23.312
metrics_mcts_nn_10s_vs_mcts_nn_20s_g7_orig.jsonl,mcts_nn_10s_vs_mcts_nn_20s,1/2-1/2,151,draw_3fold_claim,933.1622,1690.3885,12.2785,22.5385
metrics_mcts_nn_10s_vs_mcts_nn_20s_g8_orig.jsonl,mcts_nn_10s_vs_mcts_nn_20s,1/2-1/2,88,draw_insufficient,568.859,1005.4393,12.9286,22.8509
metrics_mcts_nn_10s_vs_mcts_nn_20s_g9_orig.jsonl,mcts_nn_10s_vs_mcts_nn_20s,1/2-1/2,140,draw_3fold_claim,903.9859,1653.0668,12.9141,23.6152
metrics_mcts_nn_1s_vs_mcts_nn_20s_g10_orig.jsonl,mcts_nn_1s_vs_mcts_nn_20s,1-0,71,checkmate,328.262,831.0112,9.1184,23.7432
metrics_mcts_nn_1s_vs_mcts_nn_20s_g11_orig.jsonl,mcts_nn_1s_vs_mcts_nn_20s,1/2-1/2,129,draw_3fold_claim,913.4187,1595.3263,14.0526,24.927
metrics_mcts_nn_1s_vs_mcts_nn_20s_g12_orig.jsonl,mcts_nn_1s_vs_mcts_nn_20s,1/2-1/2,167,draw_insufficient,1100.7112,2211.5978,13.1037,26.6458
metrics_mcts_nn_1s_vs_mcts_nn_20s_g13_orig.jsonl,mcts_nn_1s_vs_mcts_nn_20s,1/2-1/2,167,draw_insufficient,912.3942,2058.4229,10.8618,24.8003
metrics_mcts_nn_1s_vs_mcts_nn_20s_g14_orig.jsonl,mcts_nn_1s_vs_mcts_nn_20s,1/2-1/2,39,draw_3fold_claim,130.2661,457.1779,6.5133,24.062
metrics_mcts_nn_1s_vs_mcts_nn_20s_g15_orig.jsonl,mcts_nn_1s_vs_mcts_nn_20s,1/2-1/2,177,draw_3fold_claim,508.5857,1959.0893,5.7144,22.2624
metrics_mcts_nn_1s_vs_mcts_nn_20s_g16_swap.jsonl,mcts_nn_1s_vs_mcts_nn_20s,1/2-1/2,124,draw_3fold_claim,458.961,1472.3214,7.4026,23.7471
metrics_mcts_nn_1s_vs_mcts_nn_20s_g17_swap.jsonl,mcts_nn_1s_vs_mcts_nn_20s,1/2-1/2,68,draw_insufficient,191.8346,765.3644,5.6422,22.5107
metrics_mcts_nn_1s_vs_mcts_nn_20s_g18_swap.jsonl,mcts_nn_1s_vs_mcts_nn_20s,0-1,42,checkmate,158.7542,492.995,7.5597,23.476
metrics_mcts_nn_1s_vs_mcts_nn_20s_g19_swap.jsonl,mcts_nn_1s_vs_mcts_nn_20s,1/2-1/2,120,draw_insufficient,503.3254,1447.911,8.3888,24.1318
metrics_mcts_nn_1s_vs_mcts_nn_20s_g1_orig.jsonl,mcts_nn_1s_vs_mcts_nn_20s,1-0,53,checkmate,297.4285,591.5849,11.0159,22.7533
metrics_mcts_nn_1s_vs_mcts_nn_20s_g20_swap.jsonl,mcts_nn_1s_vs_mcts_nn_20s,0-1,52,checkmate,383.7304,652.8503,14.7589,25.1096
metrics_mcts_nn_1s_vs_mcts_nn_20s_g21_swap.jsonl,mcts_nn_1s_vs_mcts_nn_20s,1-0,49,checkmate,345.0341,630.2705,13.8014,26.2613
metrics_mcts_nn_1s_vs_mcts_nn_20s_g22_swap.jsonl,mcts_nn_1s_vs_mcts_nn_20s,1/2-1/2,154,draw_3fold_claim,466.3392,1696.5791,6.0564,22.0335
metrics_mcts_nn_1s_vs_mcts_nn_20s_g23_swap.jsonl,mcts_nn_1s_vs_mcts_nn_20s,1/2-1/2,92,draw_3fold_claim,383.2259,1100.7077,8.331,23.9284
metrics_mcts_nn_1s_vs_mcts_nn_20s_g24_swap.jsonl,mcts_nn_1s_vs_mcts_nn_20s,1/2-1/2,64,draw_3fold_claim,317.3761,831.7159,9.918,25.9911
metrics_mcts_nn_1s_vs_mcts_nn_20s_g25_swap.jsonl,mcts_nn_1s_vs_mcts_nn_20s,0-1,116,checkmate,461.1236,1320.843,7.9504,22.7732
metrics_mcts_nn_1s_vs_mcts_nn_20s_g26_swap.jsonl,mcts_nn_1s_vs_mcts_nn_20s,1-0,53,checkmate,309.6229,608.3143,11.4675,23.3967
metrics_mcts_nn_1s_vs_mcts_nn_20s_g27_swap.jsonl,mcts_nn_1s_vs_mcts_nn_20s,1/2-1/2,79,draw_3fold_claim,646.109,1057.0415,16.1527,27.1036
metrics_mcts_nn_1s_vs_mcts_nn_20s_g28_swap.jsonl,mcts_nn_1s_vs_mcts_nn_20s,1/2-1/2,80,draw_3fold_claim,421.2952,946.3372,10.5324,23.6584
metrics_mcts_nn_1s_vs_mcts_nn_20s_g29_swap.jsonl,mcts_nn_1s_vs_mcts_nn_20s,1/2-1/2,123,draw_3fold_claim,655.4596,1576.9908,10.5719,25.8523
metrics_mcts_nn_1s_vs_mcts_nn_20s_g2_orig.jsonl,mcts_nn_1s_vs_mcts_nn_20s,1/2-1/2,139,draw_3fold_claim,436.9286,1582.354,6.2418,22.9327
metrics_mcts_nn_1s_vs_mcts_nn_20s_g30_swap.jsonl,mcts_nn_1s_vs_mcts_nn_20s,0-1,74,checkmate,526.1287,933.7144,14.2197,25.2355
metrics_mcts_nn_1s_vs_mcts_nn_20s_g3_orig.jsonl,mcts_nn_1s_vs_mcts_nn_20s,1/2-1/2,163,draw_3fold_claim,614.4618,1850.6324,7.4934,22.8473
metrics_mcts_nn_1s_vs_mcts_nn_20s_g4_orig.jsonl,mcts_nn_1s_vs_mcts_nn_20s,1/2-1/2,156,draw_3fold_claim,594.937,1861.1204,7.6274,23.8605
metrics_mcts_nn_1s_vs_mcts_nn_20s_g5_orig.jsonl,mcts_nn_1s_vs_mcts_nn_20s,0-1,76,checkmate,320.9671,909.1169,8.4465,23.9241
metrics_mcts_nn_1s_vs_mcts_nn_20s_g6_orig.jsonl,mcts_nn_1s_vs_mcts_nn_20s,1/2-1/2,115,draw_3fold_claim,299.0755,1289.6431,5.1565,22.6253
metrics_mcts_nn_1s_vs_mcts_nn_20s_g7_orig.jsonl,mcts_nn_1s_vs_mcts_nn_20s,0-1,70,checkmate,308.0011,841.4869,8.8,24.0425
metrics_mcts_nn_1s_vs_mcts_nn_20s_g8_orig.jsonl,mcts_nn_1s_vs_mcts_nn_20s,1/2-1/2,124,draw_3fold_claim,247.5806,1332.6531,3.9932,21.4944
metrics_mcts_nn_1s_vs_mcts_nn_20s_g9_orig.jsonl,mcts_nn_1s_vs_mcts_nn_20s,1/2-1/2,106,draw_3fold_claim,362.5531,1192.2757,6.8406,22.4958
metrics_mcts_nn_20s_vs_mcts_nn_20s_g10_orig.jsonl,mcts_nn_20s_vs_mcts_nn_20s,1/2-1/2,72,draw_insufficient,858.5597,866.9896,23.8489,24.083
metrics_mcts_nn_20s_vs_mcts_nn_20s_g11_orig.jsonl,mcts_nn_20s_vs_mcts_nn_20s,1/2-1/2,130,draw_3fold_claim,1560.1667,1585.3352,24.0026,24.3898
metrics_mcts_nn_20s_vs_mcts_nn_20s_g12_orig.jsonl,mcts_nn_20s_vs_mcts_nn_20s,1/2-1/2,112,draw_insufficient,1429.5105,1428.7296,25.527,25.513
metrics_mcts_nn_20s_vs_mcts_nn_20s_g13_orig.jsonl,mcts_nn_20s_vs_mcts_nn_20s,1/2-1/2,165,draw_3fold_claim,2176.3396,2102.383,26.221,25.6388
metrics_mcts_nn_20s_vs_mcts_nn_20s_g14_orig.jsonl,mcts_nn_20s_vs_mcts_nn_20s,1-0,129,checkmate,1382.1496,1372.6931,21.2638,21.4483
metrics_mcts_nn_20s_vs_mcts_nn_20s_g15_orig.jsonl,mcts_nn_20s_vs_mcts_nn_20s,1/2-1/2,111,draw_insufficient,1271.6311,1219.5359,22.7077,22.1734
metrics_mcts_nn_20s_vs_mcts_nn_20s_g16_swap.jsonl,mcts_nn_20s_vs_mcts_nn_20s,1/2-1/2,117,draw_insufficient,1406.1786,1431.9159,23.8335,24.6882
metrics_mcts_nn_20s_vs_mcts_nn_20s_g17_swap.jsonl,mcts_nn_20s_vs_mcts_nn_20s,1/2-1/2,89,draw_3fold_claim,1081.0835,1111.6763,24.0241,25.2654
metrics_mcts_nn_20s_vs_mcts_nn_20s_g18_swap.jsonl,mcts_nn_20s_vs_mcts_nn_20s,1/2-1/2,80,draw_3fold_claim,1159.6121,1070.3149,28.9903,26.7579
metrics_mcts_nn_20s_vs_mcts_nn_20s_g19_swap.jsonl,mcts_nn_20s_vs_mcts_nn_20s,1/2-1/2,84,draw_3fold_claim,1038.5334,1047.2063,24.727,24.9335
metrics_mcts_nn_20s_vs_mcts_nn_20s_g1_orig.jsonl,mcts_nn_20s_vs_mcts_nn_20s,1/2-1/2,141,draw_3fold_claim,1720.8263,1660.9182,24.237,23.7274
metrics_mcts_nn_20s_vs_mcts_nn_20s_g20_swap.jsonl,mcts_nn_20s_vs_mcts_nn_20s,1/2-1/2,97,draw_3fold_claim,1292.7112,1208.0453,26.3819,25.1676
metrics_mcts_nn_20s_vs_mcts_nn_20s_g21_swap.jsonl,mcts_nn_20s_vs_mcts_nn_20s,1/2-1/2,127,draw_insufficient,1565.1756,1556.6172,24.4559,24.7082
metrics_mcts_nn_20s_vs_mcts_nn_20s_g22_swap.jsonl,mcts_nn_20s_vs_mcts_nn_20s,1-0,47,checkmate,608.7735,572.0088,25.3656,24.8699
metrics_mcts_nn_20s_vs_mcts_nn_20s_g23_swap.jsonl,mcts_nn_20s_vs_mcts_nn_20s,1/2-1/2,93,draw_3fold_claim,1130.5197,1078.4502,24.0536,23.4446
metrics_mcts_nn_20s_vs_mcts_nn_20s_g24_swap.jsonl,mcts_nn_20s_vs_mcts_nn_20s,1/2-1/2,104,stalemate,1339.2038,1380.0171,25.7539,26.5388
metrics_mcts_nn_20s_vs_mcts_nn_20s_g25_swap.jsonl,mcts_nn_20s_vs_mcts_nn_20s,1/2-1/2,195,draw_3fold_claim,2283.6021,2303.9638,23.3021,23.7522
metrics_mcts_nn_20s_vs_mcts_nn_20s_g26_swap.jsonl,mcts_nn_20s_vs_mcts_nn_20s,1/2-1/2,111,draw_3fold_claim,1487.6122,1464.4661,26.5645,26.6267
metrics_mcts_nn_20s_vs_mcts_nn_20s_g27_swap.jsonl,mcts_nn_20s_vs_mcts_nn_20s,1/2-1/2,74,stalemate,920.3928,941.1762,24.8755,25.4372
metrics_mcts_nn_20s_vs_mcts_nn_20s_g28_swap.jsonl,mcts_nn_20s_vs_mcts_nn_20s,1/2-1/2,139,draw_3fold_claim,1617.4888,1567.4627,23.107,22.7169
metrics_mcts_nn_20s_vs_mcts_nn_20s_g29_swap.jsonl,mcts_nn_20s_vs_mcts_nn_20s,1/2-1/2,52,draw_3fold_claim,707.3962,731.6253,27.2075,28.1394
metrics_mcts_nn_20s_vs_mcts_nn_20s_g2_orig.jsonl,mcts_nn_20s_vs_mcts_nn_20s,1/2-1/2,74,stalemate,939.7641,962.0138,25.399,26.0004
metrics_mcts_nn_20s_vs_mcts_nn_20s_g30_swap.jsonl,mcts_nn_20s_vs_mcts_nn_20s,1/2-1/2,131,draw_3fold_claim,1542.7423,1539.2679,23.3749,23.681
metrics_mcts_nn_20s_vs_mcts_nn_20s_g3_orig.jsonl,mcts_nn_20s_vs_mcts_nn_20s,1/2-1/2,138,draw_insufficient,1600.5968,1603.2053,23.1971,23.2349
metrics_mcts_nn_20s_vs_mcts_nn_20s_g4_orig.jsonl,mcts_nn_20s_vs_mcts_nn_20s,1/2-1/2,52,draw_3fold_claim,715.6958,736.7531,27.5268,28.3367
metrics_mcts_nn_20s_vs_mcts_nn_20s_g5_orig.jsonl,mcts_nn_20s_vs_mcts_nn_20s,1/2-1/2,131,draw_3fold_claim,1535.0201,1546.6908,23.2579,23.7952
metrics_mcts_nn_20s_vs_mcts_nn_20s_g6_orig.jsonl,mcts_nn_20s_vs_mcts_nn_20s,1/2-1/2,82,draw_3fold_claim,991.2789,1001.0461,24.1775,24.4158
metrics_mcts_nn_20s_vs_mcts_nn_20s_g7_orig.jsonl,mcts_nn_20s_vs_mcts_nn_20s,1/2-1/2,53,draw_3fold_claim,698.8037,662.5493,25.8816,25.4827
metrics_mcts_nn_20s_vs_mcts_nn_20s_g8_orig.jsonl,mcts_nn_20s_vs_mcts_nn_20s,1/2-1/2,59,draw_3fold_claim,758.4873,712.2022,25.2829,24.5587
metrics_mcts_nn_20s_vs_mcts_nn_20s_g9_orig.jsonl,mcts_nn_20s_vs_mcts_nn_20s,1-0,43,checkmate,514.5594,518.5735,23.3891,24.694
metrics_mcts_nn_40s_vs_mcts_nn_20s_g10_orig.jsonl,mcts_nn_40s_vs_mcts_nn_20s,1-0,31,checkmate,625.7196,363.5206,39.1075,24.2347
metrics_mcts_nn_40s_vs_mcts_nn_20s_g11_orig.jsonl,mcts_nn_40s_vs_mcts_nn_20s,1-0,47,checkmate,1033.0231,515.1188,43.0426,22.3965
metrics_mcts_nn_40s_vs_mcts_nn_20s_g12_orig.jsonl,mcts_nn_40s_vs_mcts_nn_20s,1/2-1/2,65,draw_3fold_claim,1433.8247,754.8969,43.4492,23.5905
metrics_mcts_nn_40s_vs_mcts_nn_20s_g13_orig.jsonl,mcts_nn_40s_vs_mcts_nn_20s,1/2-1/2,92,draw_3fold_claim,1922.7973,1032.8155,41.7999,22.4525
metrics_mcts_nn_40s_vs_mcts_nn_20s_g14_orig.jsonl,mcts_nn_40s_vs_mcts_nn_20s,1-0,19,checkmate,345.1086,184.0658,34.5109,20.4518
metrics_mcts_nn_40s_vs_mcts_nn_20s_g15_orig.jsonl,mcts_nn_40s_vs_mcts_nn_20s,0-1,94,checkmate,2019.2041,1120.7365,42.9618,23.8455
metrics_mcts_nn_40s_vs_mcts_nn_20s_g16_swap.jsonl,mcts_nn_40s_vs_mcts_nn_20s,1/2-1/2,93,draw_insufficient,1993.9896,1037.4904,42.4253,22.5541
metrics_mcts_nn_40s_vs_mcts_nn_20s_g17_swap.jsonl,mcts_nn_40s_vs_mcts_nn_20s,1/2-1/2,159,draw_3fold_claim,3406.4286,1840.6113,42.5804,23.2989
metrics_mcts_nn_40s_vs_mcts_nn_20s_g18_swap.jsonl,mcts_nn_40s_vs_mcts_nn_20s,1-0,83,checkmate,1717.3781,914.9238,40.89,22.3152
metrics_mcts_nn_40s_vs_mcts_nn_20s_g19_swap.jsonl,mcts_nn_40s_vs_mcts_nn_20s,1/2-1/2,145,draw_insufficient,3278.3929,1771.4135,44.9095,24.603
metrics_mcts_nn_40s_vs_mcts_nn_20s_g1_orig.jsonl,mcts_nn_40s_vs_mcts_nn_20s,1/2-1/2,100,draw_3fold_claim,2257.1371,1203.7051,45.1427,24.0741
metrics_mcts_nn_40s_vs_mcts_nn_20s_g20_swap.jsonl,mcts_nn_40s_vs_mcts_nn_20s,1/2-1/2,72,draw_insufficient,1550.9593,823.732,43.0822,22.8814
metrics_mcts_nn_40s_vs_mcts_nn_20s_g21_swap.jsonl,mcts_nn_40s_vs_mcts_nn_20s,1/2-1/2,102,draw_3fold_claim,2278.2588,1271.4262,44.6717,24.9299
metrics_mcts_nn_40s_vs_mcts_nn_20s_g22_swap.jsonl,mcts_nn_40s_vs_mcts_nn_20s,1/2-1/2,102,draw_3fold_claim,2183.9836,1203.7431,42.8232,23.6028
metrics_mcts_nn_40s_vs_mcts_nn_20s_g23_swap.jsonl,mcts_nn_40s_vs_mcts_nn_20s,1/2-1/2,96,draw_insufficient,2023.909,1093.9279,42.1648,22.7902
metrics_mcts_nn_40s_vs_mcts_nn_20s_g24_swap.jsonl,mcts_nn_40s_vs_mcts_nn_20s,1/2-1/2,98,draw_insufficient,2178.4725,1170.7395,44.4586,23.8926
metrics_mcts_nn_40s_vs_mcts_nn_20s_g25_swap.jsonl,mcts_nn_40s_vs_mcts_nn_20s,1/2-1/2,151,draw_insufficient,3362.7851,1850.0877,44.2472,24.6678
metrics_mcts_nn_40s_vs_mcts_nn_20s_g26_swap.jsonl,mcts_nn_40s_vs_mcts_nn_20s,1/2-1/2,100,draw_3fold_claim,2279.9597,1190.4294,45.5992,23.8086
metrics_mcts_nn_40s_vs_mcts_nn_20s_g27_swap.jsonl,mcts_nn_40s_vs_mcts_nn_20s,1/2-1/2,101,draw_3fold_claim,2262.5682,1198.8853,44.3641,23.9777
metrics_mcts_nn_40s_vs_mcts_nn_20s_g28_swap.jsonl,mcts_nn_40s_vs_mcts_nn_20s,1-0,71,checkmate,1468.8416,781.6975,40.8012,22.3342
metrics_mcts_nn_40s_vs_mcts_nn_20s_g29_swap.jsonl,mcts_nn_40s_vs_mcts_nn_20s,1/2-1/2,130,draw_3fold_claim,2721.1536,1463.6711,41.8639,22.518
metrics_mcts_nn_40s_vs_mcts_nn_20s_g2_orig.jsonl,mcts_nn_40s_vs_mcts_nn_20s,1/2-1/2,127,draw_3fold_claim,2761.5526,1457.0749,43.1493,23.1282
metrics_mcts_nn_40s_vs_mcts_nn_20s_g30_swap.jsonl,mcts_nn_40s_vs_mcts_nn_20s,1/2-1/2,110,draw_3fold_claim,2443.9816,1388.1756,44.436,25.2396
metrics_mcts_nn_40s_vs_mcts_nn_20s_g3_orig.jsonl,mcts_nn_40s_vs_mcts_nn_20s,1/2-1/2,166,draw_3fold_claim,3903.2286,2223.6518,47.0269,26.791
metrics_mcts_nn_40s_vs_mcts_nn_20s_g4_orig.jsonl,mcts_nn_40s_vs_mcts_nn_20s,1/2-1/2,130,draw_3fold_claim,2729.3333,1469.0982,41.9897,22.6015
metrics_mcts_nn_40s_vs_mcts_nn_20s_g5_orig.jsonl,mcts_nn_40s_vs_mcts_nn_20s,1/2-1/2,122,draw_3fold_claim,2686.8365,1504.6428,44.0465,24.6663
metrics_mcts_nn_40s_vs_mcts_nn_20s_g6_orig.jsonl,mcts_nn_40s_vs_mcts_nn_20s,1/2-1/2,104,draw_3fold_claim,2239.8988,1175.411,43.075,22.6041
metrics_mcts_nn_40s_vs_mcts_nn_20s_g7_orig.jsonl,mcts_nn_40s_vs_mcts_nn_20s,1/2-1/2,85,draw_3fold_claim,1874.8827,1033.3017,43.6019,24.6024
metrics_mcts_nn_40s_vs_mcts_nn_20s_g8_orig.jsonl,mcts_nn_40s_vs_mcts_nn_20s,1/2-1/2,105,draw_3fold_claim,2304.1606,1181.6618,43.4747,22.7243
metrics_mcts_nn_40s_vs_mcts_nn_20s_g9_orig.jsonl,mcts_nn_40s_vs_mcts_nn_20s,1/2-1/2,117,draw_3fold_claim,2662.0373,1596.565,45.1193,27.527
metrics_mcts_nn_5s_vs_mcts_nn_20s_g10_orig.jsonl,mcts_nn_5s_vs_mcts_nn_20s,1-0,81,checkmate,374.9503,916.7202,9.1451,22.918
metrics_mcts_nn_5s_vs_mcts_nn_20s_g11_orig.jsonl,mcts_nn_5s_vs_mcts_nn_20s,1/2-1/2,158,draw_insufficient,1192.0689,2043.1507,15.0895,25.8627
metrics_mcts_nn_5s_vs_mcts_nn_20s_g12_orig.jsonl,mcts_nn_5s_vs_mcts_nn_20s,1/2-1/2,134,draw_3fold_claim,620.9365,1594.4467,9.2677,23.7977
metrics_mcts_nn_5s_vs_mcts_nn_20s_g13_orig.jsonl,mcts_nn_5s_vs_mcts_nn_20s,1/2-1/2,96,draw_3fold_claim,603.4872,1312.3962,12.5727,27.3416
metrics_mcts_nn_5s_vs_mcts_nn_20s_g14_orig.jsonl,mcts_nn_5s_vs_mcts_nn_20s,1/2-1/2,123,draw_3fold_claim,462.8114,1363.5377,7.4647,22.3531
metrics_mcts_nn_5s_vs_mcts_nn_20s_g15_orig.jsonl,mcts_nn_5s_vs_mcts_nn_20s,1/2-1/2,113,draw_3fold_claim,531.8204,1351.5633,9.3302,24.1351
metrics_mcts_nn_5s_vs_mcts_nn_20s_g16_swap.jsonl,mcts_nn_5s_vs_mcts_nn_20s,1/2-1/2,119,draw_3fold_claim,552.2238,1416.3156,9.2037,24.0053
metrics_mcts_nn_5s_vs_mcts_nn_20s_g17_swap.jsonl,mcts_nn_5s_vs_mcts_nn_20s,1/2-1/2,55,draw_3fold_claim,236.4344,616.8034,8.4441,22.8446
metrics_mcts_nn_5s_vs_mcts_nn_20s_g18_swap.jsonl,mcts_nn_5s_vs_mcts_nn_20s,0-1,82,checkmate,353.9665,954.3685,8.6333,23.2773
metrics_mcts_nn_5s_vs_mcts_nn_20s_g19_swap.jsonl,mcts_nn_5s_vs_mcts_nn_20s,1/2-1/2,90,draw_3fold_claim,531.7679,1134.5371,11.8171,25.2119
metrics_mcts_nn_5s_vs_mcts_nn_20s_g1_orig.jsonl,mcts_nn_5s_vs_mcts_nn_20s,0-1,102,checkmate,520.9289,1212.2378,10.2143,23.7694
metrics_mcts_nn_5s_vs_mcts_nn_20s_g20_swap.jsonl,mcts_nn_5s_vs_mcts_nn_20s,0-1,52,checkmate,387.7583,670.6929,14.9138,25.7959
metrics_mcts_nn_5s_vs_mcts_nn_20s_g21_swap.jsonl,mcts_nn_5s_vs_mcts_nn_20s,1-0,85,checkmate,484.3403,1020.7487,11.2637,24.3035
metrics_mcts_nn_5s_vs_mcts_nn_20s_g22_swap.jsonl,mcts_nn_5s_vs_mcts_nn_20s,1/2-1/2,98,draw_3fold_claim,472.5051,1154.6,9.643,23.5633
metrics_mcts_nn_5s_vs_mcts_nn_20s_g23_swap.jsonl,mcts_nn_5s_vs_mcts_nn_20s,1/2-1/2,103,draw_3fold_claim,460.8231,1229.8466,8.862,24.1146
metrics_mcts_nn_5s_vs_mcts_nn_20s_g24_swap.jsonl,mcts_nn_5s_vs_mcts_nn_20s,1/2-1/2,64,draw_3fold_claim,330.1086,827.0958,10.3159,25.8467
metrics_mcts_nn_5s_vs_mcts_nn_20s_g25_swap.jsonl,mcts_nn_5s_vs_mcts_nn_20s,1/2-1/2,140,draw_insufficient,604.2048,1653.6445,8.6315,23.6235
metrics_mcts_nn_5s_vs_mcts_nn_20s_g26_swap.jsonl,mcts_nn_5s_vs_mcts_nn_20s,1-0,53,checkmate,317.6293,606.306,11.764,23.3195
metrics_mcts_nn_5s_vs_mcts_nn_20s_g27_swap.jsonl,mcts_nn_5s_vs_mcts_nn_20s,1/2-1/2,166,draw_3fold_claim,1003.573,2133.8898,12.0912,25.7095
metrics_mcts_nn_5s_vs_mcts_nn_20s_g28_swap.jsonl,mcts_nn_5s_vs_mcts_nn_20s,1/2-1/2,96,draw_3fold_claim,522.1409,1130.8142,10.8779,23.5586
metrics_mcts_nn_5s_vs_mcts_nn_20s_g29_swap.jsonl,mcts_nn_5s_vs_mcts_nn_20s,1/2-1/2,140,draw_3fold_claim,663.7351,1664.8149,9.4819,23.7831
metrics_mcts_nn_5s_vs_mcts_nn_20s_g2_orig.jsonl,mcts_nn_5s_vs_mcts_nn_20s,1/2-1/2,136,draw_3fold_claim,903.8032,1737.7651,13.2912,25.5554
metrics_mcts_nn_5s_vs_mcts_nn_20s_g30_swap.jsonl,mcts_nn_5s_vs_mcts_nn_20s,1/2-1/2,171,draw_3fold_claim,661.0433,1947.9272,7.6866,22.9168
metrics_mcts_nn_5s_vs_mcts_nn_20s_g3_orig.jsonl,mcts_nn_5s_vs_mcts_nn_20s,1/2-1/2,96,draw_3fold_claim,528.5467,1129.9867,11.0114,23.5414
metrics_mcts_nn_5s_vs_mcts_nn_20s_g4_orig.jsonl,mcts_nn_5s_vs_mcts_nn_20s,1/2-1/2,140,draw_3fold_claim,682.8303,1676.4332,9.7547,23.949
metrics_mcts_nn_5s_vs_mcts_nn_20s_g5_orig.jsonl,mcts_nn_5s_vs_mcts_nn_20s,1/2-1/2,171,draw_3fold_claim,646.3236,1958.1512,7.5154,23.0371
metrics_mcts_nn_5s_vs_mcts_nn_20s_g6_orig.jsonl,mcts_nn_5s_vs_mcts_nn_20s,1/2-1/2,109,draw_insufficient,436.17,1255.1653,7.9304,23.2438
metrics_mcts_nn_5s_vs_mcts_nn_20s_g7_orig.jsonl,mcts_nn_5s_vs_mcts_nn_20s,1/2-1/2,134,draw_3fold_claim,548.1044,1559.4127,8.1807,23.2748
metrics_mcts_nn_5s_vs_mcts_nn_20s_g8_orig.jsonl,mcts_nn_5s_vs_mcts_nn_20s,1/2-1/2,79,draw_3fold_claim,308.9774,883.1606,7.7244,22.6451
metrics_mcts_nn_5s_vs_mcts_nn_20s_g9_orig.jsonl,mcts_nn_5s_vs_mcts_nn_20s,1/2-1/2,118,draw_3fold_claim,542.8943,1371.6764,9.2016,23.2488
metrics_mcts_trad_10s_vs_mcts_trad_20s_g10_orig.jsonl,mcts_trad_10s_vs_mcts_trad_20s,0-1,46,checkmate,214.82,403.7911,9.34,17.5561
metrics_mcts_trad_10s_vs_mcts_trad_20s_g11_orig.jsonl,mcts_trad_10s_vs_mcts_trad_20s,1/2-1/2,88,stalemate,446.4137,885.6209,10.1458,20.1277
metrics_mcts_trad_10s_vs_mcts_trad_20s_g12_orig.jsonl,mcts_trad_10s_vs_mcts_trad_20s,0-1,90,checkmate,413.7085,809.5644,9.1935,17.9903
metrics_mcts_trad_10s_vs_mcts_trad_20s_g13_orig.jsonl,mcts_trad_10s_vs_mcts_trad_20s,0-1,110,checkmate,535.8119,1063.6677,9.742,19.3394
metrics_mcts_trad_10s_vs_mcts_trad_20s_g14_orig.jsonl,mcts_trad_10s_vs_mcts_trad_20s,1/2-1/2,66,draw_3fold_claim,331.87,661.6398,10.0567,20.0497
metrics_mcts_trad_10s_vs_mcts_trad_20s_g15_orig.jsonl,mcts_trad_10s_vs_mcts_trad_20s,1/2-1/2,102,draw_3fold_claim,515.553,1027.5946,10.1089,20.1489
metrics_mcts_trad_10s_vs_mcts_trad_20s_g16_swap.jsonl,mcts_trad_10s_vs_mcts_trad_20s,1/2-1/2,86,draw_3fold_claim,435.0741,865.8455,10.118,20.1359
metrics_mcts_trad_10s_vs_mcts_trad_20s_g17_swap.jsonl,mcts_trad_10s_vs_mcts_trad_20s,1/2-1/2,99,draw_insufficient,504.6042,983.1261,10.0921,20.0638
metrics_mcts_trad_10s_vs_mcts_trad_20s_g18_swap.jsonl,mcts_trad_10s_vs_mcts_trad_20s,1/2-1/2,80,stalemate,404.4122,803.5314,10.1103,20.0883
metrics_mcts_trad_10s_vs_mcts_trad_20s_g19_swap.jsonl,mcts_trad_10s_vs_mcts_trad_20s,1/2-1/2,76,draw_3fold_claim,383.1794,761.6621,10.0837,20.0437
metrics_mcts_trad_10s_vs_mcts_trad_20s_g1_orig.jsonl,mcts_trad_10s_vs_mcts_trad_20s,1/2-1/2,129,draw_insufficient,656.2421,1286.8387,10.096,20.1069
metrics_mcts_trad_10s_vs_mcts_trad_20s_g20_swap.jsonl,mcts_trad_10s_vs_mcts_trad_20s,0-1,100,checkmate,488.0223,969.0287,9.7604,19.3806
metrics_mcts_trad_10s_vs_mcts_trad_20s_g21_swap.jsonl,mcts_trad_10s_vs_mcts_trad_20s,1/2-1/2,88,draw_3fold_claim,445.0595,884.5228,10.115,20.1028
metrics_mcts_trad_10s_vs_mcts_trad_20s_g22_swap.jsonl,mcts_trad_10s_vs_mcts_trad_20s,1/2-1/2,68,draw_3fold_claim,343.1584,683.017,10.0929,20.0887
metrics_mcts_trad_10s_vs_mcts_trad_20s_g23_swap.jsonl,mcts_trad_10s_vs_mcts_trad_20s,1/2-1/2,79,draw_3fold_claim,402.1421,782.0366,10.0536,20.0522
metrics_mcts_trad_10s_vs_mcts_trad_20s_g24_swap.jsonl,mcts_trad_10s_vs_mcts_trad_20s,1/2-1/2,86,draw_insufficient,433.7428,863.2485,10.087,20.0755
metrics_mcts_trad_10s_vs_mcts_trad_20s_g25_swap.jsonl,mcts_trad_10s_vs_mcts_trad_20s,1/2-1/2,104,draw_3fold_claim,522.9242,1042.7384,10.0562,20.0527
metrics_mcts_trad_10s_vs_mcts_trad_20s_g26_swap.jsonl,mcts_trad_10s_vs_mcts_trad_20s,1/2-1/2,135,draw_3fold_claim,689.3648,1345.7496,10.1377,20.0858
metrics_mcts_trad_10s_vs_mcts_trad_20s_g27_swap.jsonl,mcts_trad_10s_vs_mcts_trad_20s,1/2-1/2,118,draw_3fold_claim,595.1696,1185.6289,10.0876,20.0954
metrics_mcts_trad_10s_vs_mcts_trad_20s_g28_swap.jsonl,mcts_trad_10s_vs_mcts_trad_20s,0-1,78,checkmate,377.1162,731.1352,9.6696,18.7471
metrics_mcts_trad_10s_vs_mcts_trad_20s_g29_swap.jsonl,mcts_trad_10s_vs_mcts_trad_20s,1/2-1/2,127,draw_3fold_claim,643.696,1263.0795,10.0578,20.0489
metrics_mcts_trad_10s_vs_mcts_trad_20s_g2_orig.jsonl,mcts_trad_10s_vs_mcts_trad_20s,0-1,108,checkmate,504.6242,988.5071,9.3449,18.3057
metrics_mcts_trad_10s_vs_mcts_trad_20s_g30_swap.jsonl,mcts_trad_10s_vs_mcts_trad_20s,1/2-1/2,21,draw_3fold_claim,111.8372,200.7181,10.167,20.0718
metrics_mcts_trad_10s_vs_mcts_trad_20s_g3_orig.jsonl,mcts_trad_10s_vs_mcts_trad_20s,0-1,78,checkmate,376.2,729.9609,9.6462,18.7169
metrics_mcts_trad_10s_vs_mcts_trad_20s_g4_orig.jsonl,mcts_trad_10s_vs_mcts_trad_20s,1/2-1/2,123,draw_3fold_claim,623.9838,1222.9734,10.0643,20.0487
metrics_mcts_trad_10s_vs_mcts_trad_20s_g5_orig.jsonl,mcts_trad_10s_vs_mcts_trad_20s,1/2-1/2,21,draw_3fold_claim,111.562,200.6203,10.142,20.062
metrics_mcts_trad_10s_vs_mcts_trad_20s_g6_orig.jsonl,mcts_trad_10s_vs_mcts_trad_20s,1/2-1/2,48,draw_3fold_claim,242.6476,483.1787,10.1103,20.1324
metrics_mcts_trad_10s_vs_mcts_trad_20s_g7_orig.jsonl,mcts_trad_10s_vs_mcts_trad_20s,1/2-1/2,93,draw_3fold_claim,474.6324,923.6785,10.0986,20.08
metrics_mcts_trad_10s_vs_mcts_trad_20s_g8_orig.jsonl,mcts_trad_10s_vs_mcts_trad_20s,1-0,111,checkmate,536.1576,1050.3033,9.5742,19.0964
metrics_mcts_trad_10s_vs_mcts_trad_20s_g9_orig.jsonl,mcts_trad_10s_vs_mcts_trad_20s,1/2-1/2,86,draw_3fold_claim,435.7019,865.4177,10.1326,20.126
metrics_mcts_trad_1s_vs_mcts_trad_20s_g10_orig.jsonl,mcts_trad_1s_vs_mcts_trad_20s,0-1,86,checkmate,45.9524,824.2605,1.0687,19.1688
metrics_mcts_trad_1s_vs_mcts_trad_20s_g11_orig.jsonl,mcts_trad_1s_vs_mcts_trad_20s,0-1,66,checkmate,36.3674,603.8859,1.102,18.2996
metrics_mcts_trad_1s_vs_mcts_trad_20s_g12_orig.jsonl,mcts_trad_1s_vs_mcts_trad_20s,1/2-1/2,102,stalemate,55.3937,1024.0549,1.0862,20.0795
metrics_mcts_trad_1s_vs_mcts_trad_20s_g13_orig.jsonl,mcts_trad_1s_vs_mcts_trad_20s,0-1,62,checkmate,32.594,572.6389,1.0514,18.4722
metrics_mcts_trad_1s_vs_mcts_trad_20s_g14_orig.jsonl,mcts_trad_1s_vs_mcts_trad_20s,0-1,54,checkmate,28.5307,502.9189,1.0567,18.6266
metrics_mcts_trad_1s_vs_mcts_trad_20s_g15_orig.jsonl,mcts_trad_1s_vs_mcts_trad_20s,1/2-1/2,72,draw_3fold_claim,39.0764,723.7755,1.0855,20.1049
metrics_mcts_trad_1s_vs_mcts_trad_20s_g16_swap.jsonl,mcts_trad_1s_vs_mcts_trad_20s,0-1,78,checkmate,41.6559,724.7971,1.0681,18.5845
metrics_mcts_trad_1s_vs_mcts_trad_20s_g17_swap.jsonl,mcts_trad_1s_vs_mcts_trad_20s,1/2-1/2,95,draw_insufficient,49.6356,941.6336,1.0341,20.0348
metrics_mcts_trad_1s_vs_mcts_trad_20s_g18_swap.jsonl,mcts_trad_1s_vs_mcts_trad_20s,1/2-1/2,35,draw_3fold_claim,18.8622,340.7428,1.0479,20.0437
metrics_mcts_trad_1s_vs_mcts_trad_20s_g19_swap.jsonl,mcts_trad_1s_vs_mcts_trad_20s,1/2-1/2,91,draw_insufficient,49.0504,902.3932,1.0663,20.0532
metrics_mcts_trad_1s_vs_mcts_trad_20s_g1_orig.jsonl,mcts_trad_1s_vs_mcts_trad_20s,1/2-1/2,65,draw_3fold_claim,36.9268,644.3084,1.119,20.1346
metrics_mcts_trad_1s_vs_mcts_trad_20s_g20_swap.jsonl,mcts_trad_1s_vs_mcts_trad_20s,1/2-1/2,77,draw_3fold_claim,42.7785,761.8302,1.0969,20.0482
metrics_mcts_trad_1s_vs_mcts_trad_20s_g21_swap.jsonl,mcts_trad_1s_vs_mcts_trad_20s,1/2-1/2,82,draw_3fold_claim,46.015,823.8202,1.1223,20.0932
metrics_mcts_trad_1s_vs_mcts_trad_20s_g22_swap.jsonl,mcts_trad_1s_vs_mcts_trad_20s,0-1,72,checkmate,34.5876,649.4899,0.9608,18.0414
metrics_mcts_trad_1s_vs_mcts_trad_20s_g23_swap.jsonl,mcts_trad_1s_vs_mcts_trad_20s,0-1,42,checkmate,21.237,381.3506,1.0113,18.1596
metrics_mcts_trad_1s_vs_mcts_trad_20s_g24_swap.jsonl,mcts_trad_1s_vs_mcts_trad_20s,0-1,52,checkmate,25.1705,423.5207,0.9681,16.2893
metrics_mcts_trad_1s_vs_mcts_trad_20s_g25_swap.jsonl,mcts_trad_1s_vs_mcts_trad_20s,1/2-1/2,145,draw_3fold_claim,81.0323,1445.6907,1.11,20.079
metrics_mcts_trad_1s_vs_mcts_trad_20s_g26_swap.jsonl,mcts_trad_1s_vs_mcts_trad_20s,0-1,78,checkmate,43.5953,727.7326,1.1178,18.6598
metrics_mcts_trad_1s_vs_mcts_trad_20s_g27_swap.jsonl,mcts_trad_1s_vs_mcts_trad_20s,0-1,98,checkmate,50.8577,916.5821,1.0379,18.7058
metrics_mcts_trad_1s_vs_mcts_trad_20s_g28_swap.jsonl,mcts_trad_1s_vs_mcts_trad_20s,1/2-1/2,69,draw_3fold_claim,37.0012,682.59,1.0572,20.0762
metrics_mcts_trad_1s_vs_mcts_trad_20s_g29_swap.jsonl,mcts_trad_1s_vs_mcts_trad_20s,0-1,72,checkmate,37.0287,663.3279,1.0286,18.4258
metrics_mcts_trad_1s_vs_mcts_trad_20s_g2_orig.jsonl,mcts_trad_1s_vs_mcts_trad_20s,1/2-1/2,107,draw_3fold_claim,59.438,1065.4417,1.1007,20.1027
metrics_mcts_trad_1s_vs_mcts_trad_20s_g30_swap.jsonl,mcts_trad_1s_vs_mcts_trad_20s,0-1,70,checkmate,37.3275,662.8833,1.0665,18.9395
metrics_mcts_trad_1s_vs_mcts_trad_20s_g3_orig.jsonl,mcts_trad_1s_vs_mcts_trad_20s,0-1,122,checkmate,64.688,1166.3753,1.0605,19.1209
metrics_mcts_trad_1s_vs_mcts_trad_20s_g4_orig.jsonl,mcts_trad_1s_vs_mcts_trad_20s,0-1,54,checkmate,26.4616,482.3152,0.9801,17.8635
metrics_mcts_trad_1s_vs_mcts_trad_20s_g5_orig.jsonl,mcts_trad_1s_vs_mcts_trad_20s,0-1,66,checkmate,33.6951,607.199,1.0211,18.4
metrics_mcts_trad_1s_vs_mcts_trad_20s_g6_orig.jsonl,mcts_trad_1s_vs_mcts_trad_20s,1/2-1/2,56,draw_3fold_claim,32.0582,562.0447,1.1449,20.073
metrics_mcts_trad_1s_vs_mcts_trad_20s_g7_orig.jsonl,mcts_trad_1s_vs_mcts_trad_20s,1/2-1/2,99,draw_insufficient,54.8464,984.0583,1.0969,20.0828
metrics_mcts_trad_1s_vs_mcts_trad_20s_g8_orig.jsonl,mcts_trad_1s_vs_mcts_trad_20s,1/2-1/2,82,draw_3fold_claim,44.1773,825.1606,1.0775,20.1259
metrics_mcts_trad_1s_vs_mcts_trad_20s_g9_orig.jsonl,mcts_trad_1s_vs_mcts_trad_20s,0-1,48,checkmate,25.344,442.1811,1.056,18.4242
metrics_mcts_trad_20s_vs_mcts_trad_20s_g10_orig.jsonl,mcts_trad_20s_vs_mcts_trad_20s,1/2-1/2,59,draw_3fold_claim,605.4454,582.9139,20.1815,20.1005
metrics_mcts_trad_20s_vs_mcts_trad_20s_g11_orig.jsonl,mcts_trad_20s_vs_mcts_trad_20s,1/2-1/2,102,draw_3fold_claim,1027.7321,1029.231,20.1516,20.181
metrics_mcts_trad_20s_vs_mcts_trad_20s_g12_orig.jsonl,mcts_trad_20s_vs_mcts_trad_20s,1/2-1/2,106,draw_insufficient,1064.2988,1064.8043,20.0811,20.0906
metrics_mcts_trad_20s_vs_mcts_trad_20s_g13_orig.jsonl,mcts_trad_20s_vs_mcts_trad_20s,1/2-1/2,140,draw_3fold_claim,1411.5979,1404.9073,20.1657,20.0701
metrics_mcts_trad_20s_vs_mcts_trad_20s_g14_orig.jsonl,mcts_trad_20s_vs_mcts_trad_20s,0-1,68,checkmate,624.7391,625.1869,18.3747,18.3878
metrics_mcts_trad_20s_vs_mcts_trad_20s_g15_orig.jsonl,mcts_trad_20s_vs_mcts_trad_20s,1/2-1/2,128,draw_3fold_claim,1284.4732,1288.1848,20.0699,20.1279
metrics_mcts_trad_20s_vs_mcts_trad_20s_g16_swap.jsonl,mcts_trad_20s_vs_mcts_trad_20s,1/2-1/2,107,draw_3fold_claim,1085.4488,1063.8552,20.1009,20.0727
metrics_mcts_trad_20s_vs_mcts_trad_20s_g17_swap.jsonl,mcts_trad_20s_vs_mcts_trad_20s,0-1,96,checkmate,911.1449,896.6164,18.9822,18.6795
metrics_mcts_trad_20s_vs_mcts_trad_20s_g18_swap.jsonl,mcts_trad_20s_vs_mcts_trad_20s,1/2-1/2,120,draw_3fold_claim,1203.328,1204.327,20.0555,20.0721
metrics_mcts_trad_20s_vs_mcts_trad_20s_g19_swap.jsonl,mcts_trad_20s_vs_mcts_trad_20s,1/2-1/2,47,draw_3fold_claim,483.1943,461.3776,20.1331,20.0599
metrics_mcts_trad_20s_vs_mcts_trad_20s_g1_orig.jsonl,mcts_trad_20s_vs_mcts_trad_20s,1/2-1/2,123,draw_3fold_claim,1248.5279,1237.8878,20.1375,20.2932
metrics_mcts_trad_20s_vs_mcts_trad_20s_g20_swap.jsonl,mcts_trad_20s_vs_mcts_trad_20s,1/2-1/2,119,draw_3fold_claim,1211.1602,1187.3915,20.186,20.1253
metrics_mcts_trad_20s_vs_mcts_trad_20s_g21_swap.jsonl,mcts_trad_20s_vs_mcts_trad_20s,1-0,55,checkmate,489.8999,487.3364,17.4964,18.0495
metrics_mcts_trad_20s_vs_mcts_trad_20s_g22_swap.jsonl,mcts_trad_20s_vs_mcts_trad_20s,1/2-1/2,126,draw_3fold_claim,1266.8608,1265.8962,20.1089,20.0936
metrics_mcts_trad_20s_vs_mcts_trad_20s_g23_swap.jsonl,mcts_trad_20s_vs_mcts_trad_20s,1/2-1/2,87,draw_3fold_claim,887.9322,867.6783,20.1803,20.1786
metrics_mcts_trad_20s_vs_mcts_trad_20s_g24_swap.jsonl,mcts_trad_20s_vs_mcts_trad_20s,1/2-1/2,99,stalemate,1002.7911,982.6995,20.0558,20.0551
metrics_mcts_trad_20s_vs_mcts_trad_20s_g25_swap.jsonl,mcts_trad_20s_vs_mcts_trad_20s,1/2-1/2,125,draw_3fold_claim,1275.9312,1253.7164,20.2529,20.2212
metrics_mcts_trad_20s_vs_mcts_trad_20s_g26_swap.jsonl,mcts_trad_20s_vs_mcts_trad_20s,1/2-1/2,118,draw_3fold_claim,1190.7471,1187.8688,20.1822,20.1334
metrics_mcts_trad_20s_vs_mcts_trad_20s_g27_swap.jsonl,mcts_trad_20s_vs_mcts_trad_20s,1/2-1/2,76,draw_3fold_claim,764.9547,765.9445,20.1304,20.1564
metrics_mcts_trad_20s_vs_mcts_trad_20s_g28_swap.jsonl,mcts_trad_20s_vs_mcts_trad_20s,1/2-1/2,80,draw_3fold_claim,804.9578,804.6948,20.1239,20.1174
metrics_mcts_trad_20s_vs_mcts_trad_20s_g29_swap.jsonl,mcts_trad_20s_vs_mcts_trad_20s,1/2-1/2,69,draw_3fold_claim,707.435,684.1583,20.2124,20.1223
metrics_mcts_trad_20s_vs_mcts_trad_20s_g2_orig.jsonl,mcts_trad_20s_vs_mcts_trad_20s,1/2-1/2,76,draw_3fold_claim,765.6894,764.5684,20.1497,20.1202
metrics_mcts_trad_20s_vs_mcts_trad_20s_g30_swap.jsonl,mcts_trad_20s_vs_mcts_trad_20s,1/2-1/2,109,draw_insufficient,1085.6192,1084.5389,19.7385,20.0841
metrics_mcts_trad_20s_vs_mcts_trad_20s_g3_orig.jsonl,mcts_trad_20s_vs_mcts_trad_20s,1/2-1/2,98,draw_3fold_claim,984.7302,987.0942,20.0965,20.1448
metrics_mcts_trad_20s_vs_mcts_trad_20s_g4_orig.jsonl,mcts_trad_20s_vs_mcts_trad_20s,1/2-1/2,69,draw_3fold_claim,702.7486,685.4273,20.0785,20.1596
metrics_mcts_trad_20s_vs_mcts_trad_20s_g5_orig.jsonl,mcts_trad_20s_vs_mcts_trad_20s,0-1,104,checkmate,948.8156,927.9775,18.2465,17.8457
metrics_mcts_trad_20s_vs_mcts_trad_20s_g6_orig.jsonl,mcts_trad_20s_vs_mcts_trad_20s,1/2-1/2,55,draw_3fold_claim,570.0768,541.2802,20.3599,20.0474
metrics_mcts_trad_20s_vs_mcts_trad_20s_g7_orig.jsonl,mcts_trad_20s_vs_mcts_trad_20s,1/2-1/2,122,draw_3fold_claim,1232.6305,1230.7998,20.2071,20.177
metrics_mcts_trad_20s_vs_mcts_trad_20s_g8_orig.jsonl,mcts_trad_20s_vs_mcts_trad_20s,1/2-1/2,24,draw_3fold_claim,240.96,241.0514,20.08,20.0876
metrics_mcts_trad_20s_vs_mcts_trad_20s_g9_orig.jsonl,mcts_trad_20s_vs_mcts_trad_20s,1/2-1/2,101,draw_3fold_claim,1024.8568,1002.3258,20.0952,20.0465
metrics_mcts_trad_40s_vs_mcts_trad_20s_g10_orig.jsonl,mcts_trad_40s_vs_mcts_trad_20s,1/2-1/2,69,draw_3fold_claim,1406.1999,682.8551,40.1771,20.084
metrics_mcts_trad_40s_vs_mcts_trad_20s_g11_orig.jsonl,mcts_trad_40s_vs_mcts_trad_20s,1/2-1/2,91,draw_3fold_claim,1845.0472,903.9344,40.1097,20.0874
metrics_mcts_trad_40s_vs_mcts_trad_20s_g12_orig.jsonl,mcts_trad_40s_vs_mcts_trad_20s,1-0,61,checkmate,1104.1249,562.8168,35.6169,18.7606
metrics_mcts_trad_40s_vs_mcts_trad_20s_g13_orig.jsonl,mcts_trad_40s_vs_mcts_trad_20s,1/2-1/2,134,draw_3fold_claim,2699.385,1357.4735,40.2893,20.2608
metrics_mcts_trad_40s_vs_mcts_trad_20s_g14_orig.jsonl,mcts_trad_40s_vs_mcts_trad_20s,1/2-1/2,120,draw_3fold_claim,2407.7485,1207.4195,40.1291,20.1237
metrics_mcts_trad_40s_vs_mcts_trad_20s_g15_orig.jsonl,mcts_trad_40s_vs_mcts_trad_20s,1/2-1/2,71,draw_3fold_claim,1445.9526,706.967,40.1654,20.1991
metrics_mcts_trad_40s_vs_mcts_trad_20s_g16_swap.jsonl,mcts_trad_40s_vs_mcts_trad_20s,1/2-1/2,43,draw_3fold_claim,883.3663,421.372,40.153,20.0653
metrics_mcts_trad_40s_vs_mcts_trad_20s_g17_swap.jsonl,mcts_trad_40s_vs_mcts_trad_20s,1/2-1/2,105,draw_3fold_claim,2126.1851,1048.38,40.1167,20.1612
metrics_mcts_trad_40s_vs_mcts_trad_20s_g18_swap.jsonl,mcts_trad_40s_vs_mcts_trad_20s,1/2-1/2,85,stalemate,1721.9818,849.5113,40.0461,20.2265
metrics_mcts_trad_40s_vs_mcts_trad_20s_g19_swap.jsonl,mcts_trad_40s_vs_mcts_trad_20s,1/2-1/2,116,draw_3fold_claim,2326.9467,1164.1011,40.1198,20.0707
metrics_mcts_trad_40s_vs_mcts_trad_20s_g1_orig.jsonl,mcts_trad_40s_vs_mcts_trad_20s,1/2-1/2,105,draw_3fold_claim,2123.5099,1045.3888,40.0662,20.1036
metrics_mcts_trad_40s_vs_mcts_trad_20s_g20_swap.jsonl,mcts_trad_40s_vs_mcts_trad_20s,1/2-1/2,29,draw_3fold_claim,601.5464,284.9589,40.1031,20.3542
metrics_mcts_trad_40s_vs_mcts_trad_20s_g21_swap.jsonl,mcts_trad_40s_vs_mcts_trad_20s,1/2-1/2,74,draw_3fold_claim,1489.3564,750.6231,40.2529,20.2871
metrics_mcts_trad_40s_vs_mcts_trad_20s_g22_swap.jsonl,mcts_trad_40s_vs_mcts_trad_20s,1-0,57,checkmate,1049.49,524.8913,36.1893,18.7461
metrics_mcts_trad_40s_vs_mcts_trad_20s_g23_swap.jsonl,mcts_trad_40s_vs_mcts_trad_20s,1/2-1/2,114,draw_3fold_claim,2288.7192,1146.4919,40.153,20.1139
metrics_mcts_trad_40s_vs_mcts_trad_20s_g24_swap.jsonl,mcts_trad_40s_vs_mcts_trad_20s,1/2-1/2,82,draw_3fold_claim,1643.1734,831.1091,40.0774,20.271
metrics_mcts_trad_40s_vs_mcts_trad_20s_g25_swap.jsonl,mcts_trad_40s_vs_mcts_trad_20s,1/2-1/2,59,draw_3fold_claim,1206.7498,584.4644,40.225,20.1539
metrics_mcts_trad_40s_vs_mcts_trad_20s_g26_swap.jsonl,mcts_trad_40s_vs_mcts_trad_20s,1-0,49,checkmate,889.8723,443.9464,35.5949,18.4978
metrics_mcts_trad_40s_vs_mcts_trad_20s_g27_swap.jsonl,mcts_trad_40s_vs_mcts_trad_20s,1/2-1/2,104,draw_insufficient,2084.3822,1044.4337,40.0843,20.0853
metrics_mcts_trad_40s_vs_mcts_trad_20s_g28_swap.jsonl,mcts_trad_40s_vs_mcts_trad_20s,1/2-1/2,131,draw_3fold_claim,2645.6279,1305.1505,40.0853,20.0792
metrics_mcts_trad_40s_vs_mcts_trad_20s_g29_swap.jsonl,mcts_trad_40s_vs_mcts_trad_20s,1/2-1/2,99,draw_insufficient,2014.754,989.5482,40.2951,20.1949
metrics_mcts_trad_40s_vs_mcts_trad_20s_g2_orig.jsonl,mcts_trad_40s_vs_mcts_trad_20s,1/2-1/2,104,draw_insufficient,2083.9768,1044.0094,40.0765,20.0771
metrics_mcts_trad_40s_vs_mcts_trad_20s_g30_swap.jsonl,mcts_trad_40s_vs_mcts_trad_20s,1-0,115,checkmate,2181.1125,1089.0428,37.6054,19.106
metrics_mcts_trad_40s_vs_mcts_trad_20s_g3_orig.jsonl,mcts_trad_40s_vs_mcts_trad_20s,1/2-1/2,135,draw_3fold_claim,2726.2727,1344.915,40.0922,20.0734
metrics_mcts_trad_40s_vs_mcts_trad_20s_g4_orig.jsonl,mcts_trad_40s_vs_mcts_trad_20s,1-0,117,checkmate,2286.0943,1149.614,38.7474,19.8209
metrics_mcts_trad_40s_vs_mcts_trad_20s_g5_orig.jsonl,mcts_trad_40s_vs_mcts_trad_20s,1/2-1/2,89,draw_3fold_claim,1811.6218,898.8628,40.2583,20.4287
metrics_mcts_trad_40s_vs_mcts_trad_20s_g6_orig.jsonl,mcts_trad_40s_vs_mcts_trad_20s,1/2-1/2,27,draw_3fold_claim,560.936,262.7334,40.0669,20.2103
metrics_mcts_trad_40s_vs_mcts_trad_20s_g7_orig.jsonl,mcts_trad_40s_vs_mcts_trad_20s,1-0,91,checkmate,1684.1104,846.6964,36.6111,18.8155
metrics_mcts_trad_40s_vs_mcts_trad_20s_g8_orig.jsonl,mcts_trad_40s_vs_mcts_trad_20s,1-0,107,checkmate,2091.3453,1048.3039,38.7286,19.7793
metrics_mcts_trad_40s_vs_mcts_trad_20s_g9_orig.jsonl,mcts_trad_40s_vs_mcts_trad_20s,1/2-1/2,74,draw_insufficient,1483.123,743.2453,40.0844,20.0877
metrics_mcts_trad_5s_vs_mcts_trad_20s_g10_orig.jsonl,mcts_trad_5s_vs_mcts_trad_20s,1/2-1/2,75,draw_insufficient,194.2451,744.0472,5.1117,20.1094
metrics_mcts_trad_5s_vs_mcts_trad_20s_g11_orig.jsonl,mcts_trad_5s_vs_mcts_trad_20s,1/2-1/2,62,draw_3fold_claim,158.6564,622.6209,5.1179,20.0845
metrics_mcts_trad_5s_vs_mcts_trad_20s_g12_orig.jsonl,mcts_trad_5s_vs_mcts_trad_20s,0-1,60,checkmate,142.7465,546.072,4.7582,18.2024
metrics_mcts_trad_5s_vs_mcts_trad_20s_g13_orig.jsonl,mcts_trad_5s_vs_mcts_trad_20s,0-1,138,checkmate,334.7801,1309.0671,4.8519,18.972
metrics_mcts_trad_5s_vs_mcts_trad_20s_g14_orig.jsonl,mcts_trad_5s_vs_mcts_trad_20s,0-1,66,checkmate,159.6303,609.212,4.8373,18.461
metrics_mcts_trad_5s_vs_mcts_trad_20s_g15_orig.jsonl,mcts_trad_5s_vs_mcts_trad_20s,1/2-1/2,25,draw_3fold_claim,66.4173,241.6189,5.109,20.1349
metrics_mcts_trad_5s_vs_mcts_trad_20s_g16_swap.jsonl,mcts_trad_5s_vs_mcts_trad_20s,0-1,54,checkmate,129.0141,465.5592,4.7783,17.2429
metrics_mcts_trad_5s_vs_mcts_trad_20s_g17_swap.jsonl,mcts_trad_5s_vs_mcts_trad_20s,1/2-1/2,80,draw_3fold_claim,210.4228,803.5993,5.2606,20.09
metrics_mcts_trad_5s_vs_mcts_trad_20s_g18_swap.jsonl,mcts_trad_5s_vs_mcts_trad_20s,1/2-1/2,76,draw_3fold_claim,196.9986,764.7946,5.1842,20.1262
metrics_mcts_trad_5s_vs_mcts_trad_20s_g19_swap.jsonl,mcts_trad_5s_vs_mcts_trad_20s,0-1,68,checkmate,169.8766,646.9495,4.9964,19.0279
metrics_mcts_trad_5s_vs_mcts_trad_20s_g1_orig.jsonl,mcts_trad_5s_vs_mcts_trad_20s,1/2-1/2,60,draw_3fold_claim,155.2651,603.3781,5.1755,20.1126
metrics_mcts_trad_5s_vs_mcts_trad_20s_g20_swap.jsonl,mcts_trad_5s_vs_mcts_trad_20s,1/2-1/2,102,draw_3fold_claim,265.3045,1025.2914,5.202,20.1038
metrics_mcts_trad_5s_vs_mcts_trad_20s_g21_swap.jsonl,mcts_trad_5s_vs_mcts_trad_20s,1/2-1/2,80,draw_3fold_claim,203.0899,804.0824,5.0772,20.1021
metrics_mcts_trad_5s_vs_mcts_trad_20s_g22_swap.jsonl,mcts_trad_5s_vs_mcts_trad_20s,1/2-1/2,120,draw_3fold_claim,304.9709,1208.3767,5.0828,20.1396
metrics_mcts_trad_5s_vs_mcts_trad_20s_g23_swap.jsonl,mcts_trad_5s_vs_mcts_trad_20s,1/2-1/2,94,draw_3fold_claim,239.8297,943.4409,5.1028,20.0732
metrics_mcts_trad_5s_vs_mcts_trad_20s_g24_swap.jsonl,mcts_trad_5s_vs_mcts_trad_20s,0-1,48,checkmate,112.1406,422.6454,4.6725,17.6102
metrics_mcts_trad_5s_vs_mcts_trad_20s_g25_swap.jsonl,mcts_trad_5s_vs_mcts_trad_20s,0-1,54,checkmate,132.9494,511.6278,4.9241,18.9492
metrics_mcts_trad_5s_vs_mcts_trad_20s_g26_swap.jsonl,mcts_trad_5s_vs_mcts_trad_20s,1/2-1/2,60,draw_3fold_claim,154.7994,605.9153,5.16,20.1972
metrics_mcts_trad_5s_vs_mcts_trad_20s_g27_swap.jsonl,mcts_trad_5s_vs_mcts_trad_20s,1/2-1/2,35,draw_3fold_claim,91.3755,340.9577,5.0764,20.0563
metrics_mcts_trad_5s_vs_mcts_trad_20s_g28_swap.jsonl,mcts_trad_5s_vs_mcts_trad_20s,0-1,44,checkmate,104.753,378.5897,4.7615,17.2086
metrics_mcts_trad_5s_vs_mcts_trad_20s_g29_swap.jsonl,mcts_trad_5s_vs_mcts_trad_20s,0-1,68,checkmate,159.0577,623.0596,4.6782,18.3253
metrics_mcts_trad_5s_vs_mcts_trad_20s_g2_orig.jsonl,mcts_trad_5s_vs_mcts_trad_20s,1/2-1/2,85,draw_3fold_claim,217.8694,843.2414,5.0667,20.0772
metrics_mcts_trad_5s_vs_mcts_trad_20s_g30_swap.jsonl,mcts_trad_5s_vs_mcts_trad_20s,0-1,82,checkmate,192.3591,757.0536,4.6917,18.4647
metrics_mcts_trad_5s_vs_mcts_trad_20s_g3_orig.jsonl,mcts_trad_5s_vs_mcts_trad_20s,0-1,44,checkmate,104.3353,378.3403,4.7425,17.1973
metrics_mcts_trad_5s_vs_mcts_trad_20s_g4_orig.jsonl,mcts_trad_5s_vs_mcts_trad_20s,1/2-1/2,102,stalemate,260.8071,1027.6361,5.1139,20.1497
metrics_mcts_trad_5s_vs_mcts_trad_20s_g5_orig.jsonl,mcts_trad_5s_vs_mcts_trad_20s,0-1,78,checkmate,183.2961,711.0496,4.6999,18.232
metrics_mcts_trad_5s_vs_mcts_trad_20s_g6_orig.jsonl,mcts_trad_5s_vs_mcts_trad_20s,1/2-1/2,105,draw_insufficient,269.8777,1043.6576,5.092,20.0703
metrics_mcts_trad_5s_vs_mcts_trad_20s_g7_orig.jsonl,mcts_trad_5s_vs_mcts_trad_20s,1/2-1/2,74,draw_3fold_claim,187.3261,743.5325,5.0629,20.0955
metrics_mcts_trad_5s_vs_mcts_trad_20s_g8_orig.jsonl,mcts_trad_5s_vs_mcts_trad_20s,1/2-1/2,127,draw_3fold_claim,323.7787,1264.0001,5.059,20.0635
metrics_mcts_trad_5s_vs_mcts_trad_20s_g9_orig.jsonl,mcts_trad_5s_vs_mcts_trad_20s,1/2-1/2,156,draw_3fold_claim,396.4827,1565.2438,5.0831,20.0672
