puzzle_id,theme,fen,expected_uci,expected_san,engine_move_uci,solved,duration_s,timed_out,min_depth_to_solve
WAC.001,WAC,2rr3k/pp3pp1/1nnqbN1p/3pN3/2pP4/2P3Q1/PPB4P/R4RK1 w - - 0 1,g3g6,Qg6,g3g6,True,24.85,False,1.0
WAC.002,WAC,8/7p/5k2/5p2/p1p2P2/Pr1pPK2/1P1R3P/8 b - - 0 1,b3b2,Rxb2,,False,120.08,True,1.0
WAC.003,WAC,5rk1/1ppb3p/p1pb4/6q1/3P1p1r/2P1R2P/PP1BQ1P1/5RKN w - - 0 1,e3g3,Rg3,e3g3,True,45.53,False,1.0
WAC.004,WAC,r1bq2rk/pp3pbp/2p1p1pQ/7P/3P4/2PB1N2/PP3PPR/2KR4 w - - 0 1,h6h7,Qxh7+,h6h7,True,24.55,False,1.0
WAC.005,WAC,5k2/6pp/p1qN4/1p1p4/3P4/2PKP2Q/PP3r2/3R4 b - - 0 1,c6c4,Qc4+,c6c4,True,6.33,False,1.0
WAC.006,WAC,7k/p7/1R5K/6r1/6p1/6P1/8/8 w - - 0 1,b6b7,Rb7,b6b7,True,12.2,False,1.0
WAC.007,WAC,rnbqkb1r/pppp1ppp/8/4P3/6n1/7P/PPPNPPP1/R1BQKBNR b KQkq - 0 1,g4e3,Ne3,g4e3,True,8.63,False,1.0
WAC.008,WAC,r4q1k/p2bR1rp/2p2Q1N/5p2/5p2/2P5/PP3PPP/R5K1 w - - 0 1,e7f7,Rf7,e7f7,True,61.42,False,1.0
WAC.009,WAC,3q1rk1/p4pp1/2pb3p/3p4/6Pr/1PNQ4/P1PB1PP1/4RRK1 b - - 0 1,d6h2,Bh2+,d6h2,True,22.7,False,1.0
WAC.010,WAC,2br2k1/2q3rn/p2NppQ1/2p1P3/Pp5R/4P3/1P3PPP/3R2K1 w - - 0 1,h4h7,Rxh7,h4h7,True,111.41,False,1.0
WAC.011,WAC,r1b1kb1r/3q1ppp/pBp1pn2/8/Np3P2/5B2/PPP3PP/R2Q1RK1 w kq - 0 1,f3c6,Bxc6,f3c6,True,28.21,False,1.0
WAC.012,WAC,4k1r1/2p3r1/1pR1p3/3pP2p/3P2qP/P4N2/1PQ4P/5R1K b - - 0 1,g4f3,Qxf3+,g4f3,True,6.94,False,1.0
WAC.013,WAC,5rk1/pp4p1/2n1p2p/2Npq3/2p5/6P1/P3P1BP/R4Q1K w - - 0 1,f1f8,Qxf8+,f1f8,True,107.75,False,1.0
WAC.014,WAC,r2rb1k1/pp1q1p1p/2n1p1p1/2bp4/5P2/PP1BPR1Q/1BPN2PP/R5K1 w - - 0 1,h3h7,Qxh7+,b2f6,False,90.34,False,1.0
WAC.015,WAC,1R6/1brk2p1/4p2p/p1P1Pp2/P7/6P1/1P4P1/2R3K1 w - - 0 1,b8b7,Rxb7,b8b7,True,112.56,False,1.0
WAC.016,WAC,r4rk1/ppp2ppp/2n5/2bqp3/8/P2PB3/1PP1NPPP/R2Q1RK1 w - - 0 1,e2c3,Nc3,,False,120.06,True,1.0
WAC.017,WAC,1k5r/pppbn1pp/4q1r1/1P3p2/2NPp3/1QP5/P4PPP/R1B1R1K1 w - - 0 1,c4e5,Ne5,c4e5,True,116.87,False,1.0
WAC.018,WAC,R7/P4k2/8/8/8/8/r7/6K1 w - - 0 1,a8h8,Rh8,,False,120.13,True,1.0
WAC.019,WAC,r1b2rk1/ppbn1ppp/4p3/1QP4q/3P4/N4N2/5PPP/R1B2RK1 w - - 0 1,c5c6,c6,,False,120.01,True,1.0
WAC.020,WAC,r2qkb1r/1ppb1ppp/p7/4p3/P1Q1P3/2P5/5PPP/R1B2KNR b kq - 0 1,d7b5,Bb5,d7b5,True,7.25,False,1.0
WAC.021,WAC,5rk1/1b3p1p/pp3p2/3n1N2/1P6/P1qB1PP1/3Q3P/4R1K1 w - - 0 1,d2h6,Qh6,d2h6,True,8.94,False,1.0
WAC.022,WAC,r1bqk2r/ppp1nppp/4p3/n5N1/2BPp3/P1P5/2P2PPP/R1BQK2R w KQkq - 0 1,c4a2|g5f7,Ba2|Nxf7,,False,120.05,True,1.0
WAC.023,WAC,r3nrk1/2p2p1p/p1p1b1p1/2NpPq2/3R4/P1N1Q3/1PP2PPP/4R1K1 w - - 0 1,g2g4,g4,,False,120.02,True,1.0
WAC.024,WAC,6k1/1b1nqpbp/pp4p1/5P2/1PN5/4Q3/P5PP/1B2B1K1 b - - 0 1,g7d4,Bd4,g7d4,True,31.8,False,1.0
WAC.025,WAC,3R1rk1/8/5Qpp/2p5/2P1p1q1/P3P3/1P2PK2/8 b - - 0 1,g4h4,Qh4+,g4h4,True,35.32,False,1.0
WAC.026,WAC,3r2k1/1p1b1pp1/pq5p/8/3NR3/2PQ3P/PP3PP1/6K1 b - - 0 1,d7f5,Bf5,,False,120.08,True,1.0
WAC.027,WAC,7k/pp4np/2p3p1/3pN1q1/3P4/Q7/1r3rPP/2R2RK1 w - - 0 1,a3f8,Qf8+,a3f8,True,4.79,False,1.0
WAC.028,WAC,1r1r2k1/4pp1p/2p1b1p1/p3R3/RqBP4/4P3/1PQ2PPP/6K1 b - - 0 1,b4e1,Qe1+,b4e1,True,61.73,False,1.0
WAC.029,WAC,r2q2k1/pp1rbppp/4pn2/2P5/1P3B2/6P1/P3QPBP/1R3RK1 w - - 0 1,c5c6,c6,,False,120.01,True,1.0
WAC.030,WAC,1r3r2/4q1kp/b1pp2p1/5p2/pPn1N3/6P1/P3PPBP/2QRR1K1 w - - 0 1,e4d6,Nxd6,e4g5,False,97.8,False,1.0
WAC.031,WAC,rb3qk1/pQ3ppp/4p3/3P4/8/1P3N2/1P3PPP/3R2K1 w - - 0 1,b7a8|d5d6|d5e6|g2g3,Qxa8|d6|dxe6|g3,g2g3,True,75.33,False,1.0
WAC.032,WAC,6k1/p4p1p/1p3np1/2q5/4p3/4P1N1/PP3PPP/3Q2K1 w - - 0 1,d1d8,Qd8+,,False,120.06,True,1.0
WAC.033,WAC,8/p1q2pkp/2Pr2p1/8/P3Q3/6P1/5P1P/2R3K1 w - - 0 1,e4e5|e4f4,Qe5+|Qf4,e4e5,True,61.22,False,1.0
WAC.034,WAC,7k/1b1r2p1/p6p/1p2qN2/3bP3/3Q4/P5PP/1B1R3K b - - 0 1,d4g1,Bg1,d4g1,True,6.03,False,1.0
WAC.035,WAC,r3r2k/2R3pp/pp1q1p2/8/3P3R/7P/PP3PP1/3Q2K1 w - - 0 1,h4h7,Rxh7+,h4h7,True,16.35,False,1.0
WAC.036,WAC,3r4/2p1rk2/1pQq1pp1/7p/1P1P4/P4P2/6PP/R1R3K1 b - - 0 1,e7e1,Re1+,,False,120.13,True,1.0
WAC.037,WAC,2r5/2rk2pp/1pn1pb2/pN1p4/P2P4/1N2B3/nPR1KPPP/3R4 b - - 0 1,c6d4,Nxd4+,,False,120.04,True,1.0
WAC.038,WAC,4k3/p4prp/1p6/2b5/8/2Q3P1/P2R1PKP/4q3 w - - 0 1,c3d3|d2d8,Qd3|Rd8+,,False,120.14,True,1.0
WAC.039,WAC,r1br2k1/pp2bppp/2nppn2/8/2P1PB2/2N2P2/PqN1B1PP/R2Q1R1K w - - 0 1,c3a4,Na4,,False,120.1,True,1.0
WAC.040,WAC,3r1r1k/1p4pp/p4p2/8/1PQR4/6Pq/P3PP2/2R3K1 b - - 0 1,d8c8,Rc8,,False,120.07,True,1.0
WAC.041,WAC,1k6/5RP1/1P6/1K6/6r1/8/8/8 w - - 0 1,b5a5|b5c5|b6b7,Ka5|Kc5|b7,b5a5,True,15.26,False,1.0
WAC.042,WAC,r1b1r1k1/pp1n1pbp/1qp3p1/3p4/1B1P4/Q3PN2/PP2BPPP/R4RK1 w - - 0 1,b4a5,Ba5,,False,120.02,True,1.0
WAC.043,WAC,r2q3k/p2P3p/1p3p2/3QP1r1/8/B7/P5PP/2R3K1 w - - 0 1,a3e7|d5a8,Be7|Qxa8,d5a8,True,41.15,False,1.0
WAC.044,WAC,3rb1k1/pq3pbp/4n1p1/3p4/2N5/2P2QB1/PP3PPP/1B1R2K1 b - - 0 1,d5c4,dxc4,d5c4,True,46.48,False,1.0
WAC.045,WAC,7k/2p1b1pp/8/1p2P3/1P3r2/2P3Q1/1P5P/R4qBK b - - 0 1,f1a1,Qxa1,f1a1,True,6.17,False,1.0
WAC.046,WAC,r1bqr1k1/pp1nb1p1/4p2p/3p1p2/3P4/P1N1PNP1/1PQ2PP1/3RKB1R w K - 0 1,c3b5,Nb5,,False,120.06,True,1.0
WAC.047,WAC,r1b2rk1/pp2bppp/2n1pn2/q5B1/2BP4/2N2N2/PP2QPPP/2R2RK1 b - - 0 1,c6d4,Nxd4,,False,120.13,True,1.0
WAC.048,WAC,1rbq1rk1/p1p1bppp/2p2n2/8/Q1BP4/2N5/PP3PPP/R1B2RK1 b - - 0 1,b8b4,Rb4,,False,120.15,True,1.0
WAC.049,WAC,2b3k1/4rrpp/p2p4/2pP2RQ/1pP1Pp1N/1P3P1P/1q6/6RK w - - 0 1,h5h7,Qxh7+,h5h7,True,18.99,False,1.0
WAC.050,WAC,k4r2/1R4pb/1pQp1n1p/3P4/5p1P/3P2P1/r1q1R2K/8 w - - 0 1,b7b6,Rxb6+,b7b6,True,24.54,False,1.0
WAC.051,WAC,r1bq1r2/pp4k1/4p2p/3pPp1Q/3N1R1P/2PB4/6P1/6K1 w - - 0 1,f4g4,Rg4+,f4g4,True,28.72,False,1.0
WAC.052,WAC,r1k5/1p3q2/1Qpb4/3N1p2/5Pp1/3P2Pp/PPPK3P/4R3 w - - 0 1,e1e7|c2c4,Re7|c4,e1e7,True,35.64,False,1.0
WAC.053,WAC,6k1/6p1/p7/3Pn3/5p2/4rBqP/P4RP1/5QK1 b - - 0 1,e3e1,Re1,e3e1,True,40.58,False,1.0
WAC.054,WAC,r3kr2/1pp4p/1p1p4/7q/4P1n1/2PP2Q1/PP4P1/R1BB2K1 b q - 0 1,h5h1,Qh1+,h5h1,True,15.76,False,1.0
WAC.055,WAC,r3r1k1/pp1q1pp1/4b1p1/3p2B1/3Q1R2/8/PPP3PP/4R1K1 w - - 0 1,d4g7,Qxg7+,,False,120.09,True,1.0
WAC.056,WAC,r1bqk2r/pppp1ppp/5n2/2b1n3/4P3/1BP3Q1/PP3PPP/RNB1K1NR b KQkq - 0 1,c5f2,Bxf2+,c5f2,True,51.53,False,1.0
WAC.057,WAC,r3q1kr/ppp5/3p2pQ/8/3PP1b1/5R2/PPP3P1/5RK1 w - - 0 1,f3f8,Rf8+,f3f8,True,10.49,False,1.0
WAC.058,WAC,8/8/2R5/1p2qp1k/1P2r3/2PQ2P1/5K2/8 w - - 0 1,d3d1,Qd1+,d3d1,True,27.18,False,1.0
WAC.059,WAC,r1b2rk1/2p1qnbp/p1pp2p1/5p2/2PQP3/1PN2N1P/PB3PP1/3R1RK1 w - - 0 1,c3d5,Nd5,,False,120.14,True,1.0
WAC.060,WAC,rn1qr1k1/1p2np2/2p3p1/8/1pPb4/7Q/PB1P1PP1/2KR1B1R w - - 0 1,h3h8,Qh8+,h3h8,True,11.73,False,1.0
WAC.061,WAC,3qrbk1/ppp1r2n/3pP2p/3P4/2P4P/1P3Q2/PB6/R4R1K w - - 0 1,f3f7,Qf7+,f3f7,True,18.53,False,1.0
WAC.062,WAC,6r1/3Pn1qk/p1p1P1rp/2Q2p2/2P5/1P4P1/P3R2P/5RK1 b - - 0 1,g6g3,Rxg3+,g6g3,True,73.3,False,1.0
WAC.063,WAC,r1brnbk1/ppq2pp1/4p2p/4N3/3P4/P1PB1Q2/3B1PPP/R3R1K1 w - - 0 1,e5f7,Nxf7,e5f7,True,74.65,False,1.0
WAC.064,WAC,8/6pp/3q1p2/3n1k2/1P6/3NQ2P/5PP1/6K1 w - - 0 1,g2g4,g4+,g2g4,True,23.47,False,1.0
WAC.065,WAC,1r1r1qk1/p2n1p1p/bp1Pn1pQ/2pNp3/2P2P1N/1P5B/P6P/3R1RK1 w - - 0 1,d5e7,Ne7+,,False,120.05,True,1.0
WAC.066,WAC,1k1r2r1/ppq5/1bp4p/3pQ3/8/2P2N2/PP4P1/R4R1K b - - 0 1,c7e5,Qxe5,,False,120.03,True,1.0
WAC.067,WAC,3r2k1/p2q4/1p4p1/3rRp1p/5P1P/6PK/P3R3/3Q4 w - - 0 1,e5d5,Rxd5,,False,120.15,True,1.0
WAC.068,WAC,6k1/5ppp/1q6/2b5/8/2R1pPP1/1P2Q2P/7K w - - 0 1,e2e3,Qxe3,e2e3,True,5.09,False,1.0
WAC.069,WAC,2k5/pppr4/4R3/4Q3/2pp2q1/8/PPP2PPP/6K1 w - - 0 1,f2f3|h2h3,f3|h3,f2f3,True,55.71,False,1.0
WAC.070,WAC,2kr3r/pppq1ppp/3p1n2/bQ2p3/1n1PP3/1PN1BN1P/1PP2PP1/2KR3R b - - 0 1,b4a2,Na2+,b4a2,True,94.92,False,1.0
WAC.071,WAC,2kr3r/pp1q1ppp/5n2/1Nb5/2Pp1B2/7Q/P4PPP/1R3RK1 w - - 0 1,b5a7,Nxa7+,h3a3,False,52.58,False,1.0
WAC.072,WAC,r3r1k1/pp1n1ppp/2p5/4Pb2/2B2P2/B1P5/P5PP/R2R2K1 w - - 0 1,e5e6,e6,,False,120.11,True,1.0
WAC.073,WAC,r1q3rk/1ppbb1p1/4Np1p/p3pP2/P3P3/2N4R/1PP1Q1PP/3R2K1 w - - 0 1,e2d2,Qd2,,False,120.02,True,1.0
WAC.074,WAC,5r1k/pp4pp/2p5/2b1P3/4Pq2/1PB1p3/P3Q1PP/3N2K1 b - - 0 1,f4f1,Qf1+,f4f7,False,16.65,False,1.0
WAC.075,WAC,r3r1k1/pppq1ppp/8/8/1Q4n1/7P/PPP2PP1/RNB1R1K1 b - - 0 1,d7d6,Qd6,d7d6,True,11.59,False,1.0
WAC.076,WAC,r1b1qrk1/2p2ppp/pb1pnn2/1p2pNB1/3PP3/1BP5/PP2QPPP/RN1R2K1 w - - 0 1,g5f6,Bxf6,g5f6,True,80.98,False,1.0
WAC.077,WAC,3r2k1/ppp2ppp/6q1/b4n2/3nQB2/2p5/P4PPP/RN3RK1 b - - 0 1,f5g3,Ng3,f5g3,True,12.19,False,1.0
WAC.078,WAC,r2q3r/ppp2k2/4nbp1/5Q1p/2P1NB2/8/PP3P1P/3RR1K1 w - - 0 1,e4g5,Ng5+,,False,120.15,True,1.0
WAC.079,WAC,r3k2r/pbp2pp1/3b1n2/1p6/3P3p/1B2N1Pq/PP1PQP1P/R1B2RK1 b kq - 0 1,h3h2,Qxh2+,h3h2,True,100.41,False,1.0
WAC.080,WAC,r4rk1/p1B1bpp1/1p2pn1p/8/2PP4/3B1P2/qP2QP1P/3R1RK1 w - - 0 1,d1a1,Ra1,,False,120.12,True,1.0
WAC.081,WAC,r4rk1/1bR1bppp/4pn2/1p2N3/1P6/P3P3/4BPPP/3R2K1 b - - 0 1,e7d6,Bd6,,False,120.09,True,1.0
WAC.082,WAC,3rr1k1/pp3pp1/4b3/8/2P1B2R/6QP/P3q1P1/5R1K w - - 0 1,e4h7,Bh7+,f1f2,False,63.56,False,1.0
WAC.083,WAC,3rr1k1/ppqbRppp/2p5/8/3Q1n2/2P3N1/PPB2PPP/3R2K1 w - - 0 1,d4d7,Qxd7,d4d7,True,23.92,False,1.0
WAC.084,WAC,r2q1r1k/2p1b1pp/p1n5/1p1Q1bN1/4n3/1BP1B3/PP3PPP/R4RK1 w - - 0 1,d5g8,Qg8+,d5g8,True,8.6,False,1.0
WAC.085,WAC,kr2R3/p4r2/2pq4/2N2p1p/3P2p1/Q5P1/5P1P/5BK1 w - - 0 1,c5a6,Na6,c5a6,True,14.48,False,1.0
WAC.086,WAC,8/p7/1ppk1n2/5ppp/P1PP4/2P1K1P1/5N1P/8 b - - 0 1,f6g4,Ng4+,f6g4,True,105.56,False,1.0
WAC.087,WAC,8/p3k1p1/4r3/2ppNpp1/PP1P4/2P3KP/5P2/8 b - - 0 1,e6e5,Rxe5,,False,120.01,True,1.0
WAC.088,WAC,r6k/p1Q4p/2p1b1rq/4p3/B3P3/4P3/PPP3P1/4RRK1 b - - 0 1,g6g2,Rxg2+,g6g2,True,59.98,False,1.0
WAC.089,WAC,1r3b1k/p4rpp/4pp2/3q4/2ppbPPQ/6RK/PP5P/2B1NR2 b - - 0 1,g7g5,g5,,False,120.07,True,
WAC.090,WAC,3qrrk1/1pp2pp1/1p2bn1p/5N2/2P5/P1P3B1/1P4PP/2Q1RRK1 w - - 0 1,f5g7,Nxg7,,False,120.14,True,1.0
WAC.091,WAC,2qr2k1/4b1p1/2p2p1p/1pP1p3/p2nP3/PbQNB1PP/1P3PK1/4RB2 b - - 0 1,b3e6,Be6,,False,120.06,True,1.0
WAC.092,WAC,r4rk1/1p2ppbp/p2pbnp1/q7/3BPPP1/2N2B2/PPP4P/R2Q1RK1 b - - 0 1,e6g4,Bxg4,,False,120.06,True,1.0
WAC.093,WAC,r1b1k1nr/pp3pQp/4pq2/3pn3/8/P1P5/2P2PPP/R1B1KBNR w KQkq - 0 1,c1h6,Bh6,,False,120.12,True,1.0
WAC.094,WAC,8/k7/p7/3Qp2P/n1P5/3KP3/1q6/8 b - - 0 1,e5e4,e4+,,False,120.01,True,2.0
WAC.095,WAC,2r5/1r6/4pNpk/3pP1qp/8/2P1QP2/5PK1/R7 w - - 0 1,f6g4,Ng4+,f6g4,True,54.1,False,1.0
WAC.096,WAC,r1b4k/ppp2Bb1/6Pp/3pP3/1qnP1p1Q/8/PPP3P1/1K1R3R w - - 0 1,h4d8|b2b3,Qd8+|b3,,False,120.08,True,1.0
WAC.097,WAC,6k1/5p2/p5np/4B3/3P4/1PP1q3/P3r1QP/6RK w - - 0 1,g2a8,Qa8+,g2a8,True,13.24,False,1.0
WAC.098,WAC,1r3rk1/5pb1/p2p2p1/Q1n1q2p/1NP1P3/3p1P1B/PP1R3P/1K2R3 b - - 0 1,c5e4,Nxe4,c5e4,True,70.29,False,1.0
WAC.099,WAC,r1bq1r1k/1pp1Np1p/p2p2pQ/4R3/n7/8/PPPP1PPP/R1B3K1 w - - 0 1,e5h5,Rh5,e5h5,True,13.74,False,1.0
WAC.100,WAC,8/k1b5/P4p2/1Pp2p1p/K1P2P1P/8/3B4/8 w - - 0 1,d2e3|b5b6,Be3|b6+,,False,120.13,True,1.0
WAC.101,WAC,5rk1/p5pp/8/8/2Pbp3/1P4P1/7P/4RN1K b - - 0 1,d4c3,Bc3,,False,120.13,True,1.0
WAC.102,WAC,2Q2n2/2R4p/1p1qpp1k/8/3P3P/3B2P1/5PK1/r7 w - - 0 1,c8f8,Qxf8+,c8f8,True,27.31,False,1.0
WAC.103,WAC,6k1/2pb1r1p/3p1PpQ/p1nPp3/1q2P3/2N2P2/PrB5/2K3RR w - - 0 1,h6g6,Qxg6+,h6g6,True,24.98,False,1.0
WAC.104,WAC,b4r1k/pq2rp2/1p1bpn1p/3PN2n/2P2P2/P2B3K/1B2Q2N/3R2R1 w - - 0 1,e2h5,Qxh5,e2h5,True,75.08,False,1.0
WAC.105,WAC,r2r2k1/pb3ppp/1p1bp3/7q/3n2nP/PP1B2P1/1B1N1P2/RQ2NRK1 b - - 0 1,d6g3|h5h4,Bxg3|Qxh4,d6g3,True,91.13,False,1.0
WAC.106,WAC,4rrk1/pppb4/7p/3P2pq/3Qn3/P5P1/1PP4P/R3RNNK b - - 0 1,e4f2,Nf2+,,False,120.05,True,1.0
WAC.107,WAC,5n2/pRrk2p1/P4p1p/4p3/3N4/5P2/6PP/6K1 w - - 0 1,d4b5,Nb5,,False,120.09,True,1.0
WAC.108,WAC,r5k1/1q4pp/2p5/p1Q5/2P5/5R2/4RKPP/r7 w - - 0 1,c5e5,Qe5,c5e5,True,26.39,False,1.0
WAC.109,WAC,rn2k1nr/pbp2ppp/3q4/1p2N3/2p5/QP6/PB1PPPPP/R3KB1R b KQkq - 0 1,c4c3,c3,c4c3,True,107.17,False,1.0
WAC.110,WAC,2kr4/bp3p2/p2p2b1/P7/2q5/1N4B1/1PPQ2P1/2KR4 b - - 0 1,a7e3,Be3,a7e3,True,38.25,False,1.0
WAC.111,WAC,6k1/p5p1/5p2/2P2Q2/3pN2p/3PbK1P/7P/6q1 b - - 0 1,g1f1,Qf1+,g1d1,False,108.37,False,1.0
WAC.112,WAC,r4kr1/ppp5/4bq1b/7B/2PR1Q1p/2N3P1/PP3P1P/2K1R3 w - - 0 1,e1e6,Rxe6,,False,120.12,True,1.0
WAC.113,WAC,rnbqkb1r/1p3ppp/5N2/1p2p1B1/2P5/8/PP2PPPP/R2QKB1R b KQkq - 0 1,d8f6,Qxf6,d8f6,True,97.05,False,1.0
WAC.114,WAC,r1b1rnk1/1p4pp/p1p2p2/3pN2n/3P1PPq/2NBPR1P/PPQ5/2R3K1 w - - 0 1,d3h7,Bxh7+,,False,120.16,True,1.0
WAC.115,WAC,4N2k/5rpp/1Q6/p3q3/8/P5P1/1P3P1P/5K2 w - - 0 1,e8d6,Nd6,e8d6,True,29.18,False,1.0
WAC.116,WAC,r2r2k1/2p2ppp/p7/1p2P1n1/P6q/5P2/1PB1QP1P/R5RK b - - 0 1,d8d2,Rd2,d8d2,True,86.51,False,1.0
WAC.117,WAC,3r1rk1/q4ppp/p1Rnp3/8/1p6/1N3P2/PP3QPP/3R2K1 b - - 0 1,d6e4,Ne4,d6e4,True,10.79,False,1.0
WAC.118,WAC,r5k1/pb2rpp1/1p6/2p4q/5R2/2PB2Q1/P1P3PP/5R1K w - - 0 1,f4h4,Rh4,f4h4,True,61.09,False,1.0
WAC.119,WAC,r2qr1k1/p1p2ppp/2p5/2b5/4nPQ1/3B4/PPP3PP/R1B2R1K b - - 0 1,d8d3,Qxd3,d8d3,True,15.13,False,1.0
WAC.120,WAC,r4rk1/1bn2qnp/3p1B1Q/p2P1pP1/1pp5/5N1P/PPB2P2/2KR3R w - - 0 1,h1g1|g5g6,Rhg1|g6,,False,120.12,True,1.0
WAC.121,WAC,6k1/5p1p/2bP2pb/4p3/2P5/1p1pNPPP/1P1Q1BK1/1q6 b - - 0 1,c6f3,Bxf3+,c6f3,True,62.78,False,1.0
WAC.122,WAC,1k6/ppp4p/1n2pq2/1N2Rb2/2P2Q2/8/P4KPP/3r1B2 b - - 0 1,d1f1,Rxf1+,d1f1,True,29.17,False,1.0
WAC.123,WAC,6k1/1b2rp2/1p4p1/3P4/PQ4P1/2N2q2/5P2/3R2K1 b - - 0 1,b7d5|e7c7|e7e6,Bxd5|Rc7|Re6,e7c7,True,64.32,False,1.0
WAC.124,WAC,6k1/3r4/2R5/P5P1/1P4p1/8/4rB2/6K1 b - - 0 1,g4g3,g3,g4g3,True,23.6,False,1.0
WAC.125,WAC,r1bqr1k1/pp3ppp/1bp5/3n4/3B4/2N2P1P/PPP1B1P1/R2Q1RK1 b - - 0 1,b6d4,Bxd4+,,False,120.02,True,1.0
WAC.126,WAC,r5r1/pQ5p/1qp2R2/2k1p3/4P3/2PP4/P1P3PP/6K1 w - - 0 1,f6c6,Rxc6+,f6c6,True,11.56,False,1.0
WAC.127,WAC,2k4r/1pr1n3/p1p1q2p/5pp1/3P1P2/P1P1P3/1R2Q1PP/1RB3K1 w - - 0 1,b2b7,Rxb7,b2b7,True,102.74,False,1.0
WAC.128,WAC,6rk/1pp2Qrp/3p1B2/1pb1p2R/3n1q2/3P4/PPP3PP/R6K w - - 0 1,f7g6,Qg6,,False,120.04,True,1.0
WAC.129,WAC,3r1r1k/1b2b1p1/1p5p/2p1Pp2/q1B2P2/4P2P/1BR1Q2K/6R1 b - - 0 1,b7f3,Bf3,b7f3,True,79.15,False,1.0
WAC.130,WAC,6k1/1pp3q1/5r2/1PPp4/3P1pP1/3Qn2P/3B4/4R1K1 b - - 0 1,g7h6|g7h8,Qh6|Qh8,,False,120.01,True,1.0
WAC.131,WAC,2rq1bk1/p4p1p/1p4p1/3b4/3B1Q2/8/P4PpP/3RR1K1 w - - 0 1,e1e8,Re8,e1e8,True,15.57,False,2.0
WAC.132,WAC,4r1k1/5bpp/2p5/3pr3/8/1B3pPq/PPR2P2/2R2QK1 b - - 0 1,e5e1,Re1,e5e1,True,15.26,False,1.0
WAC.133,WAC,r1b1k2r/1pp1q2p/p1n3p1/3QPp2/8/1BP3B1/P5PP/3R1RK1 w kq - 0 1,g3h4,Bh4,g3h4,True,37.18,False,1.0
WAC.134,WAC,3r2k1/p6p/2Q3p1/4q3/2P1p3/P3Pb2/1P3P1P/2K2BR1 b - - 0 1,d8d1,Rd1+,d8d1,True,87.76,False,1.0
WAC.135,WAC,3r1r1k/N2qn1pp/1p2np2/2p5/2Q1P2N/3P4/PP4PP/3R1RK1 b - - 0 1,e6d4,Nd4,e6d4,True,105.86,False,1.0
WAC.136,WAC,6kr/1q2r1p1/1p2N1Q1/5p2/1P1p4/6R1/7P/2R3K1 w - - 0 1,c1c8,Rc8+,c1c8,True,23.78,False,1.0
WAC.137,WAC,3b1rk1/1bq3pp/5pn1/1p2rN2/2p1p3/2P1B2Q/1PB2PPP/R2R2K1 w - - 0 1,d1d7,Rd7,,False,120.06,True,1.0
WAC.138,WAC,r1bq3r/ppppR1p1/5n1k/3P4/6pP/3Q4/PP1N1PP1/5K1R w - - 0 1,h4h5,h5,h4h5,True,16.83,False,1.0
WAC.139,WAC,rnb3kr/ppp2ppp/1b6/3q4/3pN3/Q4N2/PPP2KPP/R1B1R3 w - - 0 1,e4f6,Nf6+,e4f6,True,62.53,False,1.0
WAC.140,WAC,r2b1rk1/pq4p1/4ppQP/3pB1p1/3P4/2R5/PP3PP1/5RK1 w - - 0 1,e5c7|c3c7,Bc7|Rc7,c3c7,True,74.09,False,1.0
WAC.141,WAC,4r1k1/p1qr1p2/2pb1Bp1/1p5p/3P1n1R/1B3P2/PP3PK1/2Q4R w - - 0 1,c1f4,Qxf4,g2g3,False,96.27,False,1.0
WAC.142,WAC,r2q3n/ppp2pk1/3p4/5Pr1/2NP1Qp1/2P2pP1/PP3K2/4R2R w - - 0 1,e1e8|f5f6,Re8|f6+,c4e3,False,87.95,False,1.0
WAC.143,WAC,5b2/pp2r1pk/2pp1pRp/4rP1N/2P1P3/1P4QP/P3q1P1/5R1K w - - 0 1,g6h6,Rxh6+,g6h6,True,14.34,False,1.0
WAC.144,WAC,r2q1rk1/pp3ppp/2p2b2/8/B2pPPb1/7P/PPP1N1P1/R2Q1RK1 b - - 0 1,d4d3,d3,,False,120.12,True,1.0
WAC.145,WAC,r1bq4/1p4kp/3p1n2/p4pB1/2pQ4/8/1P4PP/4RRK1 w - - 0 1,e1e8,Re8,e1e8,True,100.6,False,1.0
WAC.146,WAC,8/8/2Kp4/3P1B2/2P2k2/5p2/8/8 w - - 0 1,f5c8|f5d3|f5h3,Bc8|Bd3|Bh3,f5c8,True,100.43,False,3.0
WAC.147,WAC,r2r2k1/ppqbppbp/2n2np1/2pp4/6P1/1P1PPNNP/PBP2PB1/R2QK2R b KQ - 0 1,f6g4,Nxg4,,False,120.12,True,1.0
WAC.148,WAC,2r1k3/6pr/p1nBP3/1p3p1p/2q5/2P5/P1R4P/K2Q2R1 w - - 0 1,g1g7,Rxg7,g1g7,True,32.7,False,1.0
WAC.149,WAC,6k1/6p1/2p4p/4Pp2/4b1qP/2Br4/1P2RQPK/8 b - - 0 1,e4g2,Bxg2,e4g2,True,24.55,False,1.0
WAC.150,WAC,r3r1k1/5p2/pQ1b2pB/1p6/4p3/6P1/Pq2BP1P/2R3K1 b - - 0 1,d6a3|d6e5|d6f8|e4e3,Ba3|Be5|Bf8|e3,d6f8,True,60.35,False,1.0
WAC.151,WAC,8/3b2kp/4p1p1/pr1n4/N1N4P/1P4P1/1K3P2/3R4 w - - 0 1,a4c3,Nc3,,False,120.05,True,1.0
WAC.152,WAC,1br2rk1/1pqb1ppp/p3pn2/8/1P6/P1N1PN1P/1B3PP1/1QRR2K1 w - - 0 1,c3e4,Ne4,c3e4,True,96.13,False,1.0
WAC.153,WAC,2r3k1/q4ppp/p3p3/pnNp4/2rP4/2P2P2/4R1PP/2R1Q1K1 b - - 0 1,b5d4,Nxd4,c8c5,False,52.46,False,1.0
WAC.154,WAC,r1b2rk1/2p2ppp/p7/1p6/3P3q/1BP3bP/PP3QP1/RNB1R1K1 w - - 0 1,f2f7,Qxf7+,f2f7,True,16.18,False,1.0
WAC.155,WAC,5bk1/1rQ4p/5pp1/2pP4/3n1PP1/7P/1q3BB1/4R1K1 w - - 0 1,d5d6,d6,d5d6,True,47.38,False,1.0
WAC.156,WAC,r1b1qN1k/1pp3p1/p2p3n/4p1B1/8/1BP4Q/PP3KPP/8 w - - 0 1,h3h6,Qxh6+,h3h6,True,21.45,False,1.0
WAC.157,WAC,5rk1/p4ppp/2p1b3/3Nq3/4P1n1/1p1B2QP/1PPr2P1/1K2R2R w - - 0 1,d5e7,Ne7+,d5e7,True,9.86,False,1.0
WAC.158,WAC,5rk1/n1p1R1bp/p2p4/1qpP1QB1/7P/2P3P1/PP3P2/6K1 w - - 0 1,e7g7,Rxg7+,e7g7,True,14.61,False,1.0
WAC.159,WAC,r1b2r2/5P1p/ppn3pk/2p1p1Nq/1bP1PQ2/3P4/PB4BP/1R3RK1 w - - 0 1,g5e6,Ne6+,g5e6,True,9.56,False,1.0
WAC.160,WAC,qn1kr2r/1pRbb3/pP5p/P2pP1pP/3N1pQ1/3B4/3B1PP1/R5K1 w - - 0 1,g4d7,Qxd7+,g4d7,True,18.02,False,1.0
WAC.161,WAC,3r3k/3r1P1p/pp1Nn3/2pp4/7Q/6R1/Pq4PP/5RK1 w - - 0 1,h4d8,Qxd8+,d6e8,False,38.56,False,1.0
WAC.162,WAC,r3kbnr/p4ppp/2p1p3/8/Q1B3b1/2N1B3/PP3PqP/R3K2R w KQkq - 0 1,c4d5,Bd5,,False,120.07,True,1.0
WAC.163,WAC,5rk1/2p4p/2p4r/3P4/4p1b1/1Q2NqPp/PP3P1K/R4R2 b - - 0 1,f3g2,Qg2+,f3g2,True,68.31,False,1.0
WAC.164,WAC,8/6pp/4p3/1p1n4/1NbkN1P1/P4P1P/1PR3K1/r7 w - - 0 1,c2c4,Rxc4+,c2c4,True,89.11,False,1.0
WAC.165,WAC,1r5k/p1p3pp/8/8/4p3/P1P1R3/1P1Q1qr1/2KR4 w - - 0 1,e3e2,Re2,e3e2,True,3.85,False,1.0
WAC.166,WAC,r3r1k1/5pp1/p1p4p/2Pp4/8/q1NQP1BP/5PP1/4K2R b K - 0 1,d5d4,d4,,False,120.14,True,1.0
WAC.167,WAC,7Q/ppp2q2/3p2k1/P2Ppr1N/1PP5/7R/5rP1/6K1 b - - 0 1,f2g2,Rxg2+,f2g2,True,28.55,False,1.0
WAC.168,WAC,r3k2r/pb1q1p2/8/2p1pP2/4p1p1/B1P1Q1P1/P1P3K1/R4R2 b kq - 0 1,d7d2,Qd2+,d7d2,True,38.4,False,1.0
WAC.169,WAC,5rk1/1pp3bp/3p2p1/2PPp3/1P2P3/2Q1B3/4q1PP/R5K1 b - - 0 1,g7h6,Bh6,g7h6,True,17.59,False,1.0
WAC.170,WAC,5r1k/6Rp/1p2p3/p2pBp2/1qnP4/4P3/Q4PPP/6K1 w - - 0 1,a2c4,Qxc4,a2c4,True,10.62,False,1.0
WAC.171,WAC,2rq4/1b2b1kp/p3p1p1/1p1nNp2/7P/1B2B1Q1/PP3PP1/3R2K1 w - - 0 1,e3h6,Bh6+,e3h6,True,116.25,False,1.0
WAC.172,WAC,5r1k/p5pp/8/1P1pq3/P1p2nR1/Q7/5BPP/6K1 b - - 0 1,e5e1,Qe1+,e5e1,True,9.41,False,1.0
WAC.173,WAC,2r1b3/1pp1qrk1/p1n1P1p1/7R/2B1p3/4Q1P1/PP3PP1/3R2K1 w - - 0 1,e3h6,Qh6+,e3h6,True,48.79,False,1.0
WAC.174,WAC,2r2rk1/6p1/p3pq1p/1p1b1p2/3P1n2/PP3N2/3N1PPP/1Q2RR1K b - - 0 1,f4g2,Nxg2,f6e7,False,77.47,False,1.0
WAC.175,WAC,r5k1/pppb3p/2np1n2/8/3PqNpP/3Q2P1/PPP5/R4RK1 w - - 0 1,f4h5,Nh5,f4h5,True,66.46,False,1.0
WAC.176,WAC,r1bq3r/ppp2pk1/3p1pp1/8/2BbPQ2/2NP2P1/PPP4P/R4R1K b - - 0 1,h8h2,Rxh2+,d8d7,False,37.2,False,1.0
WAC.177,WAC,r1b3r1/4qk2/1nn1p1p1/3pPp1P/p4P2/1p3BQN/PKPBN3/3R3R b - - 0 1,e7a3,Qa3+,e7a3,True,73.11,False,1.0
WAC.178,WAC,3r2k1/p1rn1p1p/1p2pp2/6q1/3PQNP1/5P2/P1P4R/R5K1 w - - 0 1,f4e6,Nxe6,,False,120.13,True,1.0
WAC.179,WAC,r1b2r1k/pp4pp/3p4/3B4/8/1QN3Pn/PP3q1P/R3R2K b - - 0 1,f2g1,Qg1+,f2g1,True,16.05,False,1.0
WAC.180,WAC,r1q2rk1/p3bppb/3p1n1p/2nPp3/1p2P1P1/6NP/PP2QPB1/R1BNK2R b KQ - 0 1,f6d5,Nxd5,,False,120.04,True,1.0
WAC.181,WAC,r3k2r/2p2p2/p2p1n2/1p2p3/4P2p/1PPPPp1q/1P5P/R1N2QRK b kq - 0 1,f6g4,Ng4,f6g4,True,4.8,False,1.0
WAC.182,WAC,r1b2rk1/ppqn1p1p/2n1p1p1/2b3N1/2N5/PP1BP3/1B3PPP/R2QK2R w KQ - 0 1,d1h5,Qh5,,False,120.11,True,1.0
WAC.183,WAC,1r2k1r1/5p2/b3p3/1p2b1B1/3p3P/3B4/PP2KP2/2R3R1 w - - 0 1,g5f6,Bf6,,False,120.13,True,1.0
WAC.184,WAC,4kn2/r4p1r/p3bQ2/q1nNP1Np/1p5P/8/PPP3P1/2KR3R w - - 0 1,f6e7,Qe7+,f6e7,True,21.15,False,1.0
WAC.185,WAC,1r1rb1k1/2p3pp/p2q1p2/3PpP1Q/Pp1bP2N/1B5R/1P4PP/2B4K w - - 0 1,h5h7,Qxh7+,h5h7,True,14.64,False,1.0
WAC.186,WAC,r5r1/p1q2p1k/1p1R2pB/3pP3/6bQ/2p5/P1P1NPPP/6K1 w - - 0 1,h6f8,Bf8+,h6f8,True,23.89,False,1.0
WAC.187,WAC,6k1/5p2/p3p3/1p3qp1/2p1Qn2/2P1R3/PP1r1PPP/4R1K1 b - - 0 1,f4h3,Nh3+,f4h3,True,13.4,False,1.0
WAC.188,WAC,3RNbk1/pp3p2/4rQpp/8/1qr5/7P/P4P2/3R2K1 w - - 0 1,f6g7,Qg7+,f6g7,True,20.66,False,1.0
WAC.189,WAC,3r1k2/1ppPR1n1/p2p1rP1/3P3p/4Rp1N/5K2/P1P2P2/8 w - - 0 1,e7e8,Re8+,,False,120.02,True,1.0
WAC.190,WAC,8/p2b2kp/1q1p2p1/1P1Pp3/4P3/3B2P1/P2Q3P/2Nn3K b - - 0 1,d7h3,Bh3,d1f2,False,66.6,False,1.0
WAC.191,WAC,2r1Rn1k/1p1q2pp/p7/5p2/3P4/1B4P1/P1P1QP1P/6K1 w - - 0 1,e2c4,Qc4,e2c4,True,14.04,False,1.0
WAC.192,WAC,r3k3/ppp2Npp/4Bn2/2b5/1n1pp3/N4P2/PPP3qP/R2QKR2 b Qq - 0 1,b4d3,Nd3+,b4d3,True,30.68,False,1.0
WAC.193,WAC,5bk1/p4ppp/Qp6/4B3/1P6/Pq2P1P1/2rr1P1P/R4RK1 b - - 0 1,b3e3,Qxe3,b3e3,True,13.26,False,1.0
WAC.194,WAC,5rk1/ppq2ppp/2p5/4bN2/4P3/6Q1/PPP2PPP/3R2K1 w - - 0 1,f5h6,Nh6+,f5h6,True,21.63,False,1.0
WAC.195,WAC,3r1rk1/1p3p2/p3pnnp/2p3p1/2P2q2/1P5P/PB2QPPN/3RR1K1 w - - 0 1,g2g3,g3,g2g3,True,59.97,False,1.0
WAC.196,WAC,rr4k1/p1pq2pp/Q1n1pn2/2bpp3/4P3/2PP1NN1/PP3PPP/R1B1K2R b KQ - 0 1,c6b4,Nb4,,False,120.07,True,1.0
WAC.197,WAC,7k/1p4p1/7p/3P1n2/4Q3/2P2P2/PP3qRP/7K b - - 0 1,f2f1,Qf1+,f2f1,True,6.17,False,1.0
WAC.198,WAC,2br2k1/ppp2p1p/4p1p1/4P2q/2P1Bn2/2Q5/PP3P1P/4R1RK b - - 0 1,d8d3,Rd3,d8d3,True,32.55,False,1.0
WAC.199,WAC,r1br2k1/pp2nppp/2n5/1B1q4/Q7/4BN2/PP3PPP/2R2RK1 w - - 0 1,b5c6|c1d1|f1d1,Bxc6|Rcd1|Rfd1,b5c4,False,119.83,False,1.0
WAC.200,WAC,2rqrn1k/pb4pp/1p2pp2/n2P4/2P3N1/P2B2Q1/1B3PPP/2R1R1K1 w - - 0 1,b2f6,Bxf6,b2f6,True,35.78,False,1.0
WAC.201,WAC,2b2r1k/4q2p/3p2pQ/2pBp3/8/6P1/1PP2P1P/R5K1 w - - 0 1,a1a7,Ra7,a1a7,True,45.31,False,1.0
WAC.202,WAC,QR2rq1k/2p3p1/3p1pPp/8/4P3/8/P1r3PP/1R4K1 b - - 0 1,c2a2,Rxa2,,False,120.03,True,1.0
WAC.203,WAC,r4rk1/5ppp/p3q1n1/2p2NQ1/4n3/P3P3/1B3PPP/1R3RK1 w - - 0 1,g5h6,Qh6,g5h6,True,30.43,False,1.0
WAC.204,WAC,r1b1qrk1/1p3ppp/p1p5/3Nb3/5N2/P7/1P4PQ/K1R1R3 w - - 0 1,e1e5,Rxe5,,False,120.14,True,1.0
WAC.205,WAC,r3rnk1/1pq2bb1/p4p2/3p1Pp1/3B2P1/1NP4R/P1PQB3/2K4R w - - 0 1,d2g5,Qxg5,d2g5,True,16.52,False,1.0
WAC.206,WAC,1Qq5/2P1p1kp/3r1pp1/8/8/7P/p4PP1/2R3K1 b - - 0 1,d6c6,Rc6,d6c6,True,106.61,False,1.0
WAC.207,WAC,r1bq2kr/p1pp1ppp/1pn1p3/4P3/2Pb2Q1/BR6/P4PPP/3K1BNR w - - 0 1,g4g7,Qxg7+,g4g7,True,73.58,False,1.0
WAC.208,WAC,3r1bk1/ppq3pp/2p5/2P2Q1B/8/1P4P1/P6P/5RK1 w - - 0 1,h5f7,Bf7+,h5f7,True,30.35,False,1.0
WAC.209,WAC,4kb1r/2q2p2/r2p4/pppBn1B1/P6P/6Q1/1PP5/2KRR3 w k - 0 1,e1e5,Rxe5+,,False,120.03,True,1.0
WAC.210,WAC,3r1rk1/pp1q1ppp/3pn3/2pN4/5PP1/P5PQ/1PP1B3/1K1R4 w - - 0 1,d1h1,Rh1,d1h1,True,27.31,False,1.0
WAC.211,WAC,r1bqrk2/pp1n1n1p/3p1p2/P1pP1P1Q/2PpP1NP/6R1/2PB4/4RBK1 w - - 0 1,h5f7,Qxf7+,h5f7,True,52.27,False,1.0
WAC.212,WAC,rn1qr2Q/pbppk1p1/1p2pb2/4N3/3P4/2N5/PPP3PP/R4RK1 w - - 0 1,h8g7,Qxg7+,h8g7,True,45.19,False,1.0
WAC.213,WAC,3r1r1k/1b4pp/ppn1p3/4Pp1R/Pn5P/3P4/4QP2/1qB1NKR1 w - - 0 1,h5h7,Rxh7+,h5h7,True,39.5,False,1.0
WAC.214,WAC,r2r2k1/1p2qpp1/1np1p1p1/p3N3/2PPN3/bP5R/4QPPP/4R1K1 w - - 0 1,e4g5,Ng5,e4g5,True,105.05,False,1.0
WAC.215,WAC,3r2k1/pb1q1pp1/1p2pb1p/8/3N4/P2QB3/1P3PPP/1Br1R1K1 w - - 0 1,d3h7,Qh7+,d3h7,True,14.65,False,1.0
WAC.216,WAC,r2qr1k1/1b1nbppp/p3pn2/1p1pN3/3P1B2/2PB1N2/PP2QPPP/R4RK1 w - - 0 1,e5f7|a2a4,Nxf7|a4,,False,120.08,True,1.0
WAC.217,WAC,r3kb1r/1pp3p1/p3bp1p/5q2/3QN3/1P6/PBP3P1/3RR1K1 w kq - 0 1,d4d7,Qd7+,d4d7,True,76.91,False,1.0
WAC.218,WAC,6k1/pp5p/2p3q1/6BP/2nPr1Q1/8/PP3R1K/8 w - - 0 1,g5h6,Bh6,g5h6,True,17.72,False,1.0
WAC.219,WAC,7k/p4q1p/1pb5/2p5/4B2Q/2P1B3/P6P/7K b - - 0 1,f7f1,Qf1+,f7f1,True,6.48,False,1.0
WAC.220,WAC,3rr1k1/ppp2ppp/8/5Q2/4n3/1B5R/PPP1qPP1/5RK1 b - - 0 1,e2f1,Qxf1+,e4f6,False,24.84,False,1.0
WAC.221,WAC,r3k3/P5bp/2N1bp2/4p3/2p5/6NP/1PP2PP1/3R2K1 w q - 0 1,d1d8,Rd8+,d1d8,True,99.13,False,1.0
WAC.222,WAC,2r1r2k/1q3ppp/p2Rp3/2p1P3/6QB/p3P3/bP3PPP/3R2K1 w - - 0 1,h4f6,Bf6,h4f6,True,30.24,False,1.0
WAC.223,WAC,r1bqk2r/pp3ppp/5n2/8/1b1npB2/2N5/PP1Q2PP/1K2RBNR w kq - 0 1,c3e4,Nxe4,,False,120.15,True,1.0
WAC.224,WAC,5rk1/p1q3pp/1p1r4/2p1pp1Q/1PPn1P2/3B3P/P2R2P1/3R2K1 b - - 0 1,d6h6|e5e4,Rh6|e4,d6h6,True,97.15,False,1.0
WAC.225,WAC,4R3/4q1kp/6p1/1Q3b2/1P1b1P2/6KP/8/8 b - - 0 1,e7h4,Qh4+,e7h4,True,14.49,False,1.0
WAC.226,WAC,2b2rk1/p1p4p/2p1p1p1/br2N1Q1/1p2q3/8/PB3PPP/3R1RK1 w - - 0 1,e5f7,Nf7,e5f7,True,30.26,False,1.0
WAC.227,WAC,2k1rb1r/ppp3pp/2np1q2/5b2/2B2P2/2P1BQ2/PP1N1P1P/2KR3R b - - 0 1,d6d5,d5,d6d5,True,34.1,False,1.0
WAC.228,WAC,r4rk1/1bq1bp1p/4p1p1/p2p4/3BnP2/1N1B3R/PPP3PP/R2Q2K1 w - - 0 1,d3e4,Bxe4,,False,120.04,True,1.0
WAC.229,WAC,8/8/8/1p5r/p1p1k1pN/P2pBpP1/1P1K1P2/8 b - - 0 1,h5h4|b5b4,Rxh4|b4,b5b4,True,32.56,False,1.0
WAC.230,WAC,2b5/1r6/2kBp1p1/p2pP1P1/2pP4/1pP3K1/1R3P2/8 b - - 0 1,b7b4,Rb4,b7b6,False,46.7,False,1.0
WAC.231,WAC,r4rk1/1b1nqp1p/p5p1/1p2PQ2/2p5/5N2/PP3PPP/R1BR2K1 w - - 0 1,c1g5,Bg5,c1g5,True,91.76,False,1.0
WAC.232,WAC,1R2rq1k/2p3p1/Q2p1pPp/8/4P3/8/P1r3PP/1R4K1 w - - 0 1,a6b5|b8e8,Qb5|Rxe8,a6b5,True,41.32,False,1.0
WAC.233,WAC,5rk1/p1p2r1p/2pp2p1/4p3/PPPnP3/3Pq1P1/1Q1R1R1P/4NK2 b - - 0 1,d4b3,Nb3,d4b3,True,118.37,False,1.0
WAC.234,WAC,2kr1r2/p6p/5Pp1/2p5/1qp2Q1P/7R/PP6/1KR5 w - - 0 1,h3b3,Rb3,,False,120.05,True,1.0
WAC.235,WAC,5r2/1p1RRrk1/4Qq1p/1PP3p1/8/4B3/1b3P1P/6K1 w - - 0 1,e6e4|e6f7|e7f7,Qe4|Qxf7+|Rxf7+,,False,120.13,True,1.0
WAC.236,WAC,1R6/p5pk/4p2p/4P3/8/2r3qP/P3R1b1/4Q1K1 b - - 0 1,c3c1,Rc1,c3c1,True,95.8,False,1.0
WAC.237,WAC,r5k1/pQp2qpp/8/4pbN1/3P4/6P1/PPr4P/1K1R3R b - - 0 1,c2c1,Rc1+,,False,120.13,True,1.0
WAC.238,WAC,1k1r4/pp1r1pp1/4n1p1/2R5/2Pp1qP1/3P2QP/P4PB1/1R4K1 w - - 0 1,g2b7,Bxb7,g2b7,True,100.15,False,1.0
WAC.239,WAC,8/6k1/5pp1/Q6p/5P2/6PK/P4q1P/8 b - - 0 1,f2f1,Qf1+,g7h6,False,21.75,False,1.0
WAC.240,WAC,2b4k/p1b2p2/2p2q2/3p1PNp/3P2R1/3B4/P1Q2PKP/4r3 w - - 0 1,c2c6,Qxc6,c2c6,True,38.88,False,1.0
WAC.241,WAC,2rq1rk1/pp3ppp/2n2b2/4NR2/3P4/PB5Q/1P4PP/3R2K1 w - - 0 1,h3h7,Qxh7+,,False,120.03,True,1.0
WAC.242,WAC,r1b1r1k1/pp1nqp2/2p1p1pp/8/4N3/P1Q1P3/1P3PPP/1BRR2K1 w - - 0 1,d1d7,Rxd7,d1d7,True,105.27,False,1.0
WAC.243,WAC,1r3r1k/3p4/1p1Nn1R1/4Pp1q/pP3P1p/P7/5Q1P/6RK w - - 0 1,f2e2,Qe2,g6g5,False,58.93,False,
WAC.244,WAC,r6r/pp3ppp/3k1b2/2pb4/B4Pq1/2P1Q3/P5PP/1RBR2K1 w - - 0 1,e3c5,Qxc5+,e3c5,True,50.62,False,1.0
WAC.245,WAC,4rrn1/ppq3bk/3pPnpp/2p5/2PB4/2NQ1RPB/PP5P/5R1K w - - 0 1,d3g6,Qxg6+,d3g6,True,44.01,False,1.0
WAC.246,WAC,6R1/4qp1p/ppr1n1pk/8/1P2P1QP/6N1/P4PP1/6K1 w - - 0 1,g4h5,Qh5+,g4h5,True,10.78,False,1.0
WAC.247,WAC,2k1r3/1p2Bq2/p2Qp3/Pb1p1p1P/2pP1P2/2P5/2P2KP1/1R6 w - - 0 1,b1b5,Rxb5,b1b5,True,31.29,False,2.0
WAC.248,WAC,5r1k/1p4pp/3q4/3Pp1R1/8/8/PP4PP/4Q1K1 b - - 0 1,d6c5,Qc5+,d6c5,True,18.96,False,3.0
WAC.249,WAC,r4rk1/pbq2pp1/1ppbpn1p/8/2PP4/1P1Q1N2/PBB2PPP/R3R1K1 w - - 0 1,c4c5|d4d5,c5|d5,c4c5,True,107.66,False,1.0
WAC.250,WAC,1b5k/7P/p1p2np1/2P2p2/PP3P2/4RQ1R/q2r3P/6K1 w - - 0 1,e3e8,Re8+,e3e8,True,78.39,False,1.0
WAC.251,WAC,k7/p4p2/P1q1b1p1/3p3p/3Q4/7P/5PP1/1R4K1 w - - 0 1,d4e5|d4f4,Qe5|Qf4,d4b4,False,20.51,False,1.0
WAC.252,WAC,1rb1r1k1/p1p2ppp/5n2/2pP4/5P2/2QB4/qNP3PP/2KRB2R b - - 0 1,c8g4|e8e2,Bg4|Re2,f6e4,False,40.29,False,1.0
WAC.253,WAC,k5r1/p4b2/2P5/5p2/3P1P2/4QBrq/P5P1/4R1K1 w - - 0 1,e3e8,Qe8+,e3e8,True,6.93,False,1.0
WAC.254,WAC,r6k/pp3p1p/2p1bp1q/b3p3/4Pnr1/2PP2NP/PP1Q1PPN/R2B2RK b - - 0 1,f4h3,Nxh3,f4h3,True,45.02,False,1.0
WAC.255,WAC,3r3r/p4pk1/5Rp1/3q4/1p1P2RQ/5N2/P1P4P/2b4K w - - 0 1,f6g6,Rfxg6+,f6g6,True,94.37,False,1.0
WAC.256,WAC,3r1rk1/1pb1qp1p/2p3p1/p7/P2Np2R/1P5P/1BP2PP1/3Q1BK1 w - - 0 1,d4f5,Nf5,d1g4,False,24.7,False,1.0
WAC.257,WAC,4r1k1/pq3p1p/2p1r1p1/2Q1p3/3nN1P1/1P6/P1P2P1P/3RR1K1 w - - 0 1,d1d4,Rxd4,e4d6,False,30.55,False,1.0
WAC.258,WAC,r3brkn/1p5p/2p2Ppq/2Pp3B/3Pp2Q/4P1R1/6PP/5R1K w - - 0 1,h5g6,Bxg6,h5g6,True,17.89,False,1.0
WAC.259,WAC,r1bq1rk1/ppp2ppp/2np4/2bN1PN1/2B1P3/3p4/PPP2nPP/R1BQ1K1R w - - 0 1,d1h5,Qh5,,False,120.11,True,1.0
WAC.260,WAC,2r2b1r/p1Nk2pp/3p1p2/N2Qn3/4P3/q6P/P4PP1/1R3K1R w - - 0 1,d5e6,Qe6+,d5e6,True,29.02,False,1.0
WAC.261,WAC,r5k1/1bp3pp/p2p4/1p6/5p2/1PBP1nqP/1PP3Q1/R4R1K b - - 0 1,f3d4,Nd4,f3d4,True,45.36,False,1.0
WAC.262,WAC,6k1/p1B1b2p/2b3r1/2p5/4p3/1PP1N1Pq/P2R1P2/3Q2K1 b - - 0 1,g6h6,Rh6,g6h6,True,26.54,False,1.0
WAC.263,WAC,rnbqr2k/pppp1Qpp/8/b2NN3/2B1n3/8/PPPP1PPP/R1B1K2R w KQ - 0 1,f7g8,Qg8+,f7g8,True,75.76,False,1.0
WAC.264,WAC,r2r2k1/1R2qp2/p5pp/2P5/b1PN1b2/P7/1Q3PPP/1B1R2K1 b - - 0 1,e7e5|a8b8,Qe5|Rab8,,False,120.12,True,1.0
WAC.265,WAC,2r1k2r/2pn1pp1/1p3n1p/p3PP2/4q2B/P1P5/2Q1N1PP/R4RK1 w k - 0 1,e5f6,exf6,,False,120.02,True,1.0
WAC.266,WAC,r3q2r/2p1k1p1/p5p1/1p2Nb2/1P2nB2/P7/2PNQbPP/R2R3K b - - 0 1,h8h2,Rxh2+,h8h2,True,86.79,False,1.0
WAC.267,WAC,2r1kb1r/pp3ppp/2n1b3/1q1N2B1/1P2Q3/8/P4PPP/3RK1NR w Kk - 0 1,d5c7,Nc7+,d5c7,True,44.13,False,1.0
WAC.268,WAC,2r3kr/ppp2n1p/7B/5q1N/1bp5/2Pp4/PP2RPPP/R2Q2K1 w - - 0 1,e2e8,Re8+,e2e8,True,14.35,False,1.0
WAC.269,WAC,2kr2nr/pp1n1ppp/2p1p3/q7/1b1P1B2/P1N2Q1P/1PP1BPP1/R3K2R w KQ - 0 1,a3b4,axb4,a3b4,True,40.82,False,3.0
WAC.270,WAC,2r1r1k1/pp1q1ppp/3p1b2/3P4/3Q4/5N2/PP2RPPP/4R1K1 w - - 0 1,d4g4,Qg4,d4g4,True,16.83,False,2.0
WAC.271,WAC,2kr4/ppp3Pp/4RP1B/2r5/5P2/1P6/P2p4/3K4 w - - 0 1,e6d6,Rd6,e6d6,True,35.33,False,1.0
WAC.272,WAC,nrq4r/2k1p3/1p1pPnp1/pRpP1p2/P1P2P2/2P1BB2/1R2Q1P1/6K1 w - - 0 1,e3c5,Bxc5,e3c5,True,57.12,False,1.0
WAC.273,WAC,2k4B/bpp1qp2/p1b5/7p/1PN1n1p1/2Pr4/P5PP/R3QR1K b - - 0 1,e4g3|g4g3,Ng3+|g3,e4g3,True,26.23,False,1.0
WAC.274,WAC,8/1p6/p5R1/k7/Prpp4/K7/1NP5/8 w - - 0 1,g6b6|g6g5,Rb6|Rg5+,g6b6,True,7.72,False,1.0
WAC.275,WAC,r1b2rk1/1p1n1ppp/p1p2q2/4p3/P1B1Pn2/1QN2N2/1P3PPP/3R1RK1 b - - 0 1,d7c5|f4g2|b7b5,Nc5|Nxg2|b5,d7c5,True,76.53,False,1.0
WAC.276,WAC,r5k1/pp1RR1pp/1b6/6r1/2p5/B6P/P4qPK/3Q4 w - - 0 1,d1d5,Qd5+,d1d5,True,118.62,False,1.0
WAC.277,WAC,1r4r1/p2kb2p/bq2p3/3p1p2/5P2/2BB3Q/PP4PP/3RKR2 b - - 0 1,g8g3|g8g2,Rg3|Rxg2,g8g2,True,83.16,False,1.0
WAC.278,WAC,r2qkb1r/pppb2pp/2np1n2/5pN1/2BQP3/2N5/PPP2PPP/R1B1K2R w KQkq - 0 1,c4f7,Bf7+,c4f7,True,77.88,False,1.0
WAC.279,WAC,r7/4b3/2p1r1k1/1p1pPp1q/1P1P1P1p/PR2NRpP/2Q3K1/8 w - - 0 1,e3f5|b3c3,Nxf5|Rc3,e3f5,True,104.11,False,1.0
WAC.280,WAC,r1r2bk1/5p1p/pn4p1/N2b4/3Pp3/B3P3/2q1BPPP/RQ3RK1 b - - 0 1,f8a3,Bxa3,f8a3,True,92.53,False,1.0
WAC.281,WAC,2R5/2R4p/5p1k/6n1/8/1P2QPPq/r7/6K1 w - - 0 1,c7h7,Rxh7+,c7h7,True,19.58,False,1.0
WAC.282,WAC,6k1/2p3p1/1p1p1nN1/1B1P4/4PK2/8/2r3b1/7R w - - 0 1,h1h8,Rh8+,,False,120.03,True,1.0
WAC.283,WAC,3q1rk1/4bp1p/1n2P2Q/3p1p2/6r1/Pp2R2N/1B4PP/7K w - - 0 1,h3g5,Ng5,,False,120.1,True,1.0
WAC.284,WAC,3r3k/pp4pp/8/1P6/3N4/Pn2P1qb/1B1Q2B1/2R3K1 w - - 0 1,d4f5,Nf5,d4f5,True,30.88,False,1.0
WAC.285,WAC,2rr3k/1b2bppP/p2p1n2/R7/3P4/1qB2P2/1P4Q1/1K5R w - - 0 1,g2g7,Qxg7+,g2g7,True,42.08,False,1.0
WAC.286,WAC,3r1k2/1p6/p4P2/2pP2Qb/8/1P1KB3/P6r/8 b - - 0 1,d8d5,Rxd5+,d8d5,True,8.63,False,1.0
WAC.287,WAC,rn3k1r/pp2bBpp/2p2n2/q5N1/3P4/1P6/P1P3PP/R1BQ1RK1 w - - 0 1,d1g4|d1h5,Qg4|Qh5,d1h5,True,34.41,False,1.0
WAC.288,WAC,r1b2rk1/p4ppp/1p1Qp3/4P2N/1P6/8/P3qPPP/3R1RK1 w - - 0 1,h5f6,Nf6+,h5f6,True,12.5,False,1.0
WAC.289,WAC,2r3k1/5p1p/p3q1p1/2n3P1/1p1QP2P/1P4N1/PK6/2R5 b - - 0 1,e6e5,Qe5,e6e5,True,9.11,False,1.0
WAC.290,WAC,2k2r2/2p5/1pq5/p1p1n3/P1P2n1B/1R4Pp/2QR4/6K1 b - - 0 1,f4e2,Ne2+,f4e2,True,40.88,False,1.0
WAC.291,WAC,5r1k/3b2p1/p6p/1pRpR3/1P1P2q1/P4pP1/5QnP/1B4K1 w - - 0 1,h2h3,h3,g1h1,False,21.9,False,
WAC.292,WAC,4r3/1Q1qk2p/p4pp1/3Pb3/P7/6PP/5P2/4R1K1 w - - 0 1,d5d6,d6+,d5d6,True,83.57,False,1.0
WAC.293,WAC,1nbq1r1k/3rbp1p/p1p1pp1Q/1p6/P1pPN3/5NP1/1P2PPBP/R4RK1 w - - 0 1,f3g5,Nfg5,,False,120.02,True,1.0
WAC.294,WAC,3r3k/1r3p1p/p1pB1p2/8/p1qNP1Q1/P6P/1P4P1/3R3K w - - 0 1,d6f8|d4f5|g4f4,Bf8|Nf5|Qf4,g4f4,True,52.12,False,1.0
WAC.295,WAC,4r3/p4r1p/R1p2pp1/1p1bk3/4pNPP/2P1K3/2P2P2/3R4 w - - 0 1,d1d5,Rxd5+,d1d5,True,20.51,False,1.0
WAC.296,WAC,3r4/1p2k2p/p1b1p1p1/4Q1Pn/2B3KP/4pP2/PP2R1N1/6q1 b - - 0 1,d8d4|d8f8,Rd4+|Rf8,d8d4,True,16.82,False,1.0
WAC.297,WAC,3r1rk1/p3qp1p/2bb2p1/2p5/3P4/1P6/PBQN1PPP/2R2RK1 b - - 0 1,c6g2|d6h2,Bxg2|Bxh2+,c6g2,True,110.88,False,1.0
WAC.298,WAC,3Q4/p3b1k1/2p2rPp/2q5/4B3/P2P4/7P/6RK w - - 0 1,d8h8,Qh8+,d8h8,True,10.5,False,1.0
WAC.299,WAC,1n2rr2/1pk3pp/pNn2p2/2N1p3/8/6P1/PP2PPKP/2RR4 w - - 0 1,c5a4,Nca4,,False,120.08,True,1.0
WAC.300,WAC,b2b1r1k/3R1ppp/4qP2/4p1PQ/4P3/5B2/4N1K1/8 w - - 0 1,g5g6,g6,g5g6,True,25.77,False,1.0
